<?xml version="1.0" encoding="UTF-8"?>
<mappings xmlns="http://dozer.sourceforge.net"
  xmlns:xsi="http://www.w3.org/2001/XMLSchema-instance"
    xsi:schemaLocation="http://dozer.sourceforge.net 
      http://dozer.sourceforge.net/schema/beanmapping.xsd">
   <mapping>
        <class-a>com.anthem.payment.paymod.model.AnthemBankDetails</class-a>
        <class-b>com.anthem.payment.paymod.entity.AnthemBankDetails</class-b>
        <field custom-converter="com.anthem.payment.paymod.converters.PayModMongoDateConverter">
            <a>payDate</a>
            <b>payDate</b>
        </field>
    </mapping>
     <mapping>
        <class-a>com.anthem.payment.paymod.model.Returns</class-a>
        <class-b>com.anthem.payment.paymod.entity.Returns</class-b>
        <field custom-converter="com.anthem.payment.paymod.converters.PayModMongoDateConverter">
            <a>nullificationDate</a>
            <b>nullificationDate</b>
        </field>
    </mapping>
     <mapping>
        <class-a>com.anthem.payment.paymod.model.Transaction</class-a>
        <class-b>com.anthem.payment.paymod.entity.Transaction</class-b>
        <field custom-converter="com.anthem.payment.paymod.converters.PayModMongoDateConverter">
            <a>createdDt</a>
            <b>createdDt</b>
        </field>
         <field custom-converter="com.anthem.payment.paymod.converters.PayModMongoDateConverter">
            <a>updatedDt</a>
            <b>updatedDt</b>
        </field>
         <field custom-converter="com.anthem.payment.paymod.converters.PayModMongoDateConverter">
            <a>paidDate</a>
            <b>paidDate</b>
        </field>
        <field custom-converter="com.anthem.payment.paymod.converters.PayModMongoDateConverter">
            <a>submissionDt</a>
            <b>submissionDt</b>
        </field>
        <field custom-converter="com.anthem.payment.paymod.converters.PayModMongoDateConverter">
            <a>prfDt</a>
            <b>prfDt</b>
        </field>
    </mapping>
</mappings>