<?xml version="1.0" encoding="UTF-8"?>
<configuration>

	<appender name="FILE" class="ch.qos.logback.core.rolling.RollingFileAppender">
		<file>/wsapps/eox/deployment/logs/ipp/ipp-service-logging.log</file>

		<encoder class="ch.qos.logback.classic.encoder.PatternLayoutEncoder">
			<Pattern>
				%d{dd-MM-yyyy HH:mm:ss.SSS} [%thread] %-5level %logger{36}.%M:%L - %msg%n
			</Pattern>
		</encoder>

		<rollingPolicy class="ch.qos.logback.core.rolling.FixedWindowRollingPolicy">
			<fileNamePattern>
				/wsapps/eox/deployment/logs/ipp/ipp-service-logging.log_%i
			</fileNamePattern>
		</rollingPolicy>

		<triggeringPolicy
			class="ch.qos.logback.core.rolling.SizeBasedTriggeringPolicy">
			<maxFileSize>10MB</maxFileSize>
		</triggeringPolicy>
	</appender>
	
	<appender name="STDOUT" class="ch.qos.logback.core.ConsoleAppender">
		<!-- encoders are assigned the type
			 ch.qos.logback.classic.encoder.PatternLayoutEncoder by default -->
		<encoder>
		  <pattern>%d{HH:mm:ss.SSS} %-5level %c{1}:%L - %msg%n</pattern>
		</encoder>
	</appender>

	<logger name="com.anthem.ols.middletier.paymentservice" level="INFO" additivity="false">
		<appender-ref ref="FILE" />
	</logger>
  
	<logger name="com.ibm" level="ERROR" additivity="false">
		<appender-ref ref="STDOUT" />
	</logger>
  
	<logger name="org.springframework" level="ERROR" additivity="false">
		<appender-ref ref="STDOUT" />
	</logger>
	
    <logger name="org.hibernate" level="ERROR" additivity="false">
		<appender-ref ref="STDOUT" />
	</logger>
	
	<logger name="org.dozer" level="ERROR" additivity="false">
		<appender-ref ref="STDOUT" />
	</logger>

    <logger name="com.mongodb" level="ERROR" additivity="false">
		<appender-ref ref="STDOUT" />
	</logger>
 
	  <!-- Setting the root level of logging to INFO -->
	<root level="ERROR">
		<appender-ref ref="STDOUT" />
	</root>

</configuration>