{
	"totalResults": 120,
	"queryResultList": [{
		"customerName": "Daniel",
		"accountNo": "5485963248521526",
		"confirmationNo": "0123456789",
		"payDate": "12/12/2017",
		"status": "Cancelled",
		"paymentAmount": "100",
		"feeAmount": "50",
		"totalDebit": "150"
	},
	{
		"customerName": "Dian",
		"accountNo": "5485963248521526",
		"confirmationNo": "0123456712",
		"payDate": "12/11/2017",
		"status": "Cancelled",
		"paymentAmount": "120",
		"feeAmount": "40",
		"totalDebit": "120"
	},
	{
		"customerName": "Matt",
		"accountNo": "5485963232321526",
		"confirmationNo": "0123236789",
		"payDate": "12/12/2017",
		"status": "Completed",
		"paymentAmount": "110",
		"feeAmount": "50",
		"totalDebit": "150"
	},
	{
		"customerName": "John",
		"accountNo": "5485963248521526",
		"confirmationNo": "0123451189",
		"payDate": "12/12/2018",
		"status": "Completed",
		"paymentAmount": "100",
		"feeAmount": "50",
		"totalDebit": "150"
	},
	{
		"customerName": "Doe",
		"accountNo": "5485963248521526",
		"confirmationNo": "0123124789",
		"payDate": "12/10/2017",
		"status": "Cancelled",
		"paymentAmount": "100",
		"feeAmount": "50",
		"totalDebit": "150"
	},
	{
		"customerName": "Jane",
		"accountNo": "5485963248521526",
		"confirmationNo": "0985456789",
		"payDate": "12/12/2015",
		"status": "Completed",
		"paymentAmount": "100",
		"feeAmount": "50",
		"totalDebit": "150"
	},
	{
		"customerName": "Dan",
		"accountNo": "5485963248521526",
		"confirmationNo": "0753456789",
		"payDate": "01/12/2018",
		"status": "Cancelled",
		"paymentAmount": "100",
		"feeAmount": "50",
		"totalDebit": "150"
	},
	{
		"customerName": "Mark",
		"accountNo": "5485963248521526",
		"confirmationNo": "0123456711",
		"payDate": "02/12/2017",
		"status": "Cancelled",
		"paymentAmount": "100",
		"feeAmount": "50",
		"totalDebit": "150"
	},
	{
		"customerName": "James",
		"accountNo": "5485963248521526",
		"confirmationNo": "0555456789",
		"payDate": "11/14/2017",
		"status": "Cancelled",
		"paymentAmount": "100",
		"feeAmount": "50",
		"totalDebit": "150"
	},
	{
		"customerName": "Dwayne",
		"accountNo": "5485963248521526",
		"confirmationNo": "0199656789",
		"payDate": "12/25/2018",
		"status": "Cancelled",
		"paymentAmount": "100",
		"feeAmount": "50",
		"totalDebit": "150"
	},
	{
		"customerName": "Parker",
		"accountNo": "5485963248521526",
		"confirmationNo": "0123456789",
		"payDate": "06/20/2014",
		"status": "Completed",
		"paymentAmount": "100",
		"feeAmount": "50",
		"totalDebit": "150"
	},
	{
		"customerName": "Joe",
		"accountNo": "5485963248521526",
		"confirmationNo": "0123354789",
		"payDate": "06/30/2017",
		"status": "Cancelled",
		"paymentAmount": "100",
		"feeAmount": "50",
		"totalDebit": "150"
	},
	{
		"customerName": "Phil",
		"accountNo": "5485963248521526",
		"confirmationNo": "0963456789",
		"payDate": "02/01/2017",
		"status": "Cancelled",
		"paymentAmount": "100",
		"feeAmount": "50",
		"totalDebit": "150"
	},
	{
		"customerName": "Jeff",
		"accountNo": "5485963248521526",
		"confirmationNo": "0128526789",
		"payDate": "12/13/2017",
		"status": "Cancelled",
		"paymentAmount": "100",
		"feeAmount": "50",
		"totalDebit": "150"
	},
	{
		"customerName": "Jonas",
		"accountNo": "5485963248521526",
		"confirmationNo": "0193654789",
		"payDate": "12/15/2017",
		"status": "Cancelled",
		"paymentAmount": "100",
		"feeAmount": "50",
		"totalDebit": "150"
	},
	{
		"customerName": "Nick",
		"accountNo": "5485963248521526",
		"confirmationNo": "0124456789",
		"payDate": "12/16/2017",
		"status": "Cancelled",
		"paymentAmount": "100",
		"feeAmount": "50",
		"totalDebit": "150"
	},
	{
		"customerName": "Andrew",
		"accountNo": "5485963248521526",
		"confirmationNo": "0123478789",
		"payDate": "12/18/2017",
		"status": "Cancelled",
		"paymentAmount": "100",
		"feeAmount": "50",
		"totalDebit": "150"
	}]
}