<?xml version="1.0" encoding="UTF-8"?>
<xmi:XMI xmi:version="2.0" xmlns:xmi="http://www.omg.org/XMI" 
xmlns:libraries="http://www.ibm.com/websphere/appserver/schemas/5.0/libraries.xmi">
<libraries:Library xmi:version="2.0" xmlns:xmi="http://www.omg.org/XMI" xmlns:libraries="http://www.ibm.com/websphere/appserver/schemas/5.0/libraries.xmi" 
xmi:id="Library_4504667568565" name="Gbd_Gateway_Services_Shared_Lib" description="Shared library for Gbd Gateway Service">
	
	<classPath>/wsapps/eox/deployment/shared/lib/pport-member/activation-1.1.1.jar</classPath>
	<classPath>/wsapps/eox/deployment/shared/lib/pport-member/antisamy-1.4.3.jar</classPath>
	<classPath>/wsapps/eox/deployment/shared/lib/pport-member/ant-optional-1.5.1.jar</classPath>
	<classPath>/wsapps/eox/deployment/shared/lib/pport-member/aopalliance-1.0.jar</classPath>
	<classPath>/wsapps/eox/deployment/shared/lib/pport-member/batik-css-1.7.jar</classPath>
	<classPath>/wsapps/eox/deployment/shared/lib/pport-member/batik-ext-1.7.jar</classPath>
	<classPath>/wsapps/eox/deployment/shared/lib/pport-member/batik-util-1.7.jar</classPath>
	<classPath>/wsapps/eox/deployment/shared/lib/pport-member/bsh-core-2.0b4.jar</classPath>
	<classPath>/wsapps/eox/deployment/shared/lib/pport-member/classmate-1.0.0.jar</classPath>
	<classPath>/wsapps/eox/deployment/shared/lib/pport-member/cloning-1.7.4.jar</classPath>
	<classPath>/wsapps/eox/deployment/shared/lib/pport-member/commons-beanutils-1.9.1.jar</classPath>
	<classPath>/wsapps/eox/deployment/shared/lib/pport-member/commons-beanutils-core-1.7.0.jar</classPath>
	<classPath>/wsapps/eox/deployment/shared/lib/pport-member/commons-codec-1.6.jar</classPath>
	<classPath>/wsapps/eox/deployment/shared/lib/pport-member/commons-collections-3.2.1.jar</classPath>
	<classPath>/wsapps/eox/deployment/shared/lib/pport-member/commons-configuration-1.5.jar</classPath>
	<classPath>/wsapps/eox/deployment/shared/lib/pport-member/commons-dbcp-1.4.jar</classPath>
	<classPath>/wsapps/eox/deployment/shared/lib/pport-member/commons-digester-2.0.jar</classPath>
	<classPath>/wsapps/eox/deployment/shared/lib/pport-member/commons-io-1.4.jar</classPath>
	<classPath>/wsapps/eox/deployment/shared/lib/pport-member/commons-fileupload-1.2.jar</classPath>
	<classPath>/wsapps/eox/deployment/shared/lib/pport-member/commons-httpclient-3.1.jar</classPath>
	<classPath>/wsapps/eox/deployment/shared/lib/pport-member/commons-jxpath-1.2.jar</classPath>
	<classPath>/wsapps/eox/deployment/shared/lib/pport-member/commons-lang-2.5.jar</classPath>
	<classPath>/wsapps/eox/deployment/shared/lib/pport-member/commons-lang3-3.2.1.jar</classPath>
	<classPath>/wsapps/eox/deployment/shared/lib/pport-member/commons-logging-1.1.3.jar</classPath>
	<classPath>/wsapps/eox/deployment/shared/lib/pport-member/commons-pool-1.5.4.jar</classPath>
	<classPath>/wsapps/eox/deployment/shared/lib/pport-member/commons-validator-1.4.0.jar</classPath>
	<classPath>/wsapps/eox/deployment/shared/lib/pport-member/compiler-0.8.4.jar</classPath>
	<classPath>/wsapps/eox/deployment/shared/lib/pport-member/dom4j-1.6.1.jar</classPath>
	<classPath>/wsapps/eox/deployment/shared/lib/pport-member/dozer-5.3.2.jar</classPath>
	<classPath>/wsapps/eox/deployment/shared/lib/pport-member/esapi-2.1.0.jar</classPath>
	<classPath>/wsapps/eox/deployment/shared/lib/pport-member/freemarker-2.3.15.jar</classPath>
	<classPath>/wsapps/eox/deployment/shared/lib/pport-member/gson-2.3.jar</classPath>
	<classPath>/wsapps/eox/deployment/shared/lib/pport-member/guava-12.0.1.jar</classPath>
	<classPath>/wsapps/eox/deployment/shared/lib/pport-member/hibernate-validator-5.1.3.Final.jar</classPath>
	<classPath>/wsapps/eox/deployment/shared/lib/pport-member/jasypt-1.9.0.jar</classPath>
	<classPath>/wsapps/eox/deployment/shared/lib/pport-member/javassist-3.7.ga.jar</classPath>
	<classPath>/wsapps/eox/deployment/shared/lib/pport-member/javax.persistence-2.0.0.jar</classPath>
	<classPath>/wsapps/eox/deployment/shared/lib/pport-member/jaxb-api-2.1.jar</classPath>
	<classPath>/wsapps/eox/deployment/shared/lib/pport-member/jboss-logging-3.1.3.GA.jar</classPath>
	<classPath>/wsapps/eox/deployment/shared/lib/pport-member/jdom-b9.jar</classPath>
	<classPath>/wsapps/eox/deployment/shared/lib/pport-member/joda-time-1.6.2.jar</classPath>
	<classPath>/wsapps/eox/deployment/shared/lib/pport-member/jsr305-1.3.9.jar</classPath>
	<classPath>/wsapps/eox/deployment/shared/lib/pport-member/jstl-1.2.jar</classPath>
	<classPath>/wsapps/eox/deployment/shared/lib/pport-member/log4j-1.2.17.jar</classPath>
	<classPath>/wsapps/eox/deployment/shared/lib/pport-member/mail-1.4.5.jar</classPath>
	<classPath>/wsapps/eox/deployment/shared/lib/pport-member/mockito-all-1.9.5.jar</classPath>
	<classPath>/wsapps/eox/deployment/shared/lib/pport-member/mvel2-2.0.11.jar</classPath>
	<classPath>/wsapps/eox/deployment/shared/lib/pport-member/nekohtml-1.9.12.jar</classPath>
	<classPath>/wsapps/eox/deployment/shared/lib/pport-member/objenesis-1.2.jar</classPath>
	<classPath>/wsapps/eox/deployment/shared/lib/pport-member/ognl-2.7.3.jar</classPath>
	<classPath>/wsapps/eox/deployment/shared/lib/pport-member/ooxml-schemas-1.0.jar</classPath>
	<classPath>/wsapps/eox/deployment/shared/lib/pport-member/oro-2.0.8.jar</classPath>
	<classPath>/wsapps/eox/deployment/shared/lib/pport-member/poi-3.9.jar</classPath>
	<classPath>/wsapps/eox/deployment/shared/lib/pport-member/poi-ooxml-3.9.jar</classPath>
	<classPath>/wsapps/eox/deployment/shared/lib/pport-member/poi-ooxml-schemas-3.9.jar</classPath>
	<classPath>/wsapps/eox/deployment/shared/lib/pport-member/servlet-api-2.2.jar</classPath>
	<classPath>/wsapps/eox/deployment/shared/lib/pport-member/slf4j-api-1.7.12.jar</classPath>
	<classPath>/wsapps/eox/deployment/shared/lib/pport-member/slf4j-log4j12-1.7.12.jar</classPath>
	<classPath>/wsapps/eox/deployment/shared/lib/pport-member/spring-aop-4.0.9.RELEASE.jar</classPath>
	<classPath>/wsapps/eox/deployment/shared/lib/pport-member/spring-beans-4.0.9.RELEASE.jar</classPath>
	<classPath>/wsapps/eox/deployment/shared/lib/pport-member/spring-context-4.0.9.RELEASE.jar</classPath>
	<classPath>/wsapps/eox/deployment/shared/lib/pport-member/spring-context-support-4.0.9.RELEASE.jar</classPath>
	<classPath>/wsapps/eox/deployment/shared/lib/pport-member/spring-core-4.0.9.RELEASE.jar</classPath>
	<classPath>/wsapps/eox/deployment/shared/lib/pport-member/spring-expression-4.0.9.RELEASE.jar</classPath>
	<classPath>/wsapps/eox/deployment/shared/lib/pport-member/integration-ui/spring-integration-core-2.2.0.RELEASE.jar</classPath>
	<classPath>/wsapps/eox/deployment/shared/lib/pport-member/spring-jdbc-4.0.9.RELEASE.jar</classPath>
	<classPath>/wsapps/eox/deployment/shared/lib/pport-member/spring-oxm-4.0.9.RELEASE.jar</classPath>
	<classPath>/wsapps/eox/deployment/shared/lib/pport-member/spring-tx-4.0.9.RELEASE.jar</classPath>
	<classPath>/wsapps/eox/deployment/shared/lib/pport-member/spring-retry-1.0.3.RELEASE.jar</classPath>
	<classPath>/wsapps/eox/deployment/shared/lib/pport-member/spring-web-4.0.9.RELEASE.jar</classPath>
	<classPath>/wsapps/eox/deployment/shared/lib/pport-member/spring-webmvc-4.0.9.RELEASE.jar</classPath>
	<classPath>/wsapps/eox/deployment/shared/lib/pport-member/spring-security-core-3.2.8.RELEASE.jar</classPath>
	<classPath>/wsapps/eox/deployment/shared/lib/pport-member/spring-security-acl-3.2.8.RELEASE.jar</classPath>
	<classPath>/wsapps/eox/deployment/shared/lib/pport-member/spring-security-web-3.2.8.RELEASE.jar</classPath>
	<classPath>/wsapps/eox/deployment/shared/lib/pport-member/spring-security-taglibs-3.2.8.RELEASE.jar</classPath>
	<classPath>/wsapps/eox/deployment/shared/lib/pport-member/spring-security-config-3.2.8.RELEASE.jar</classPath>
	<classPath>/wsapps/eox/deployment/shared/lib/pport-member/sqljdbc4-1.0.jar</classPath>
	<classPath>/wsapps/eox/deployment/shared/lib/pport-member/stax-api-1.0.1.jar</classPath>
	<classPath>/wsapps/eox/deployment/shared/lib/pport-member/stax-api-1.0-2.jar</classPath>
	<classPath>/wsapps/eox/deployment/shared/lib/pport-member/tiles-api-3.0.3.jar</classPath>
	<classPath>/wsapps/eox/deployment/shared/lib/pport-member/tiles-autotag-core-runtime-1.1.0.jar</classPath>
	<classPath>/wsapps/eox/deployment/shared/lib/pport-member/tiles-compat-3.0.3.jar</classPath>
	<classPath>/wsapps/eox/deployment/shared/lib/pport-member/tiles-core-3.0.3.jar</classPath>
	<classPath>/wsapps/eox/deployment/shared/lib/pport-member/tiles-el-3.0.3.jar</classPath>
	<classPath>/wsapps/eox/deployment/shared/lib/pport-member/tiles-extras-3.0.3.jar</classPath>
	<classPath>/wsapps/eox/deployment/shared/lib/pport-member/tiles-freemarker-3.0.3.jar</classPath>
	<classPath>/wsapps/eox/deployment/shared/lib/pport-member/tiles-jsp-3.0.3.jar</classPath>
	<classPath>/wsapps/eox/deployment/shared/lib/pport-member/tiles-mvel-3.0.3.jar</classPath>
	<classPath>/wsapps/eox/deployment/shared/lib/pport-member/tiles-ognl-3.0.3.jar</classPath>
	<classPath>/wsapps/eox/deployment/shared/lib/pport-member/tiles-request-api-1.0.3.jar</classPath>
	<classPath>/wsapps/eox/deployment/shared/lib/pport-member/tiles-request-freemarker-1.0.3.jar</classPath>
	<classPath>/wsapps/eox/deployment/shared/lib/pport-member/tiles-request-jsp-1.0.3.jar</classPath>
	<classPath>/wsapps/eox/deployment/shared/lib/pport-member/tiles-request-mustache-1.0.3.jar</classPath>
	<classPath>/wsapps/eox/deployment/shared/lib/pport-member/tiles-request-servlet-1.0.3.jar</classPath>
	<classPath>/wsapps/eox/deployment/shared/lib/pport-member/tiles-request-servlet-wildcard-1.0.3.jar</classPath>
	<classPath>/wsapps/eox/deployment/shared/lib/pport-member/tiles-request-velocity-1.0.3.jar</classPath>
	<classPath>/wsapps/eox/deployment/shared/lib/pport-member/tiles-servlet-3.0.3.jar</classPath>
	<classPath>/wsapps/eox/deployment/shared/lib/pport-member/tiles-template-3.0.3.jar</classPath>
	<classPath>/wsapps/eox/deployment/shared/lib/pport-member/tiles-velocity-3.0.3.jar</classPath>
	<classPath>/wsapps/eox/deployment/shared/lib/pport-member/validation-api-1.1.0.Final.jar</classPath>
	<classPath>/wsapps/eox/deployment/shared/lib/pport-member/velocity-1.6.2.jar</classPath>
	<classPath>/wsapps/eox/deployment/shared/lib/pport-member/velocity-tools-2.0.jar</classPath>
	<classPath>/wsapps/eox/deployment/shared/lib/pport-member/xerces-1.2.3.jar</classPath>
	<classPath>/wsapps/eox/deployment/shared/lib/pport-member/xml-apis-1.0.b2.jar</classPath>
	<classPath>/wsapps/eox/deployment/shared/lib/pport-member/xml-apis-ext-1.3.04.jar</classPath>
	<classPath>/wsapps/eox/deployment/shared/lib/pport-member/xmlbeans-2.3.0.jar</classPath>
	<classPath>/wsapps/eox/deployment/shared/lib/pport-member/aspectjrt-1.6.11.jar</classPath>
	<classPath>/wsapps/eox/deployment/shared/lib/pport-member/aspectjweaver-1.6.11.jar</classPath>
	<classPath>/wsapps/eox/deployment/shared/lib/pport-member/xstream-1.4.7.jar</classPath>
	<classPath>/wsapps/eox/deployment/shared/lib/pport-member/xmlpull-1.1.3.1.jar</classPath>
</libraries:Library>
<!-- WAS migration changes - starts -->
<libraries:Library xmi:id="Library_4504667568544" name="Gbd_Gateway_HttpClient_Override" description="Gbd_Gateway_HttpClient_Override" isolatedClassLoader="true">
	<classPath>/wsapps/eox/deployment/shared/lib/pport-member/httpclient-4.3.jar</classPath>
	<classPath>/wsapps/eox/deployment/shared/lib/pport-member/httpcore-4.3.jar</classPath>
	<classPath>/wsapps/eox/deployment/shared/lib/pport-member/jackson-core-asl-1.9.13.jar</classPath>
	<classPath>/wsapps/eox/deployment/shared/lib/pport-member/jackson-mapper-asl-1.9.13.jar</classPath>
	<classPath>/wsapps/eox/deployment/shared/lib/pport-member/jackson-databind-2.5.3.jar</classPath>
	<classPath>/wsapps/eox/deployment/shared/lib/pport-member/jackson-annotations-2.5.3.jar</classPath>
	<classPath>/wsapps/eox/deployment/shared/lib/pport-member/jackson-core-2.5.3.jar</classPath>
</libraries:Library>
<!-- WAS migration changes - ends -->
</xmi:XMI>