<beans xmlns="http://www.springframework.org/schema/beans"
	   xmlns:xsi="http://www.w3.org/2001/XMLSchema-instance"
	   xmlns:context="http://www.springframework.org/schema/context"
	   xmlns:int="http://www.springframework.org/schema/integration"
	   xmlns:ws="http://www.springframework.org/schema/integration/ws"
	   xmlns:oxm="http://www.springframework.org/schema/oxm"
	   xmlns:util="http://www.springframework.org/schema/util"
	   xmlns:task="http://www.springframework.org/schema/task"
	   xsi:schemaLocation="http://www.springframework.org/schema/beans http://www.springframework.org/schema/beans/spring-beans-3.2.xsd
  						http://www.springframework.org/schema/context http://www.springframework.org/schema/context/spring-context-3.2.xsd
  						http://www.springframework.org/schema/integration http://www.springframework.org/schema/integration/spring-integration-3.0.xsd
  						http://www.springframework.org/schema/integration/ws http://www.springframework.org/schema/integration/ws/spring-integration-ws-3.0.xsd
  						http://www.springframework.org/schema/oxm http://www.springframework.org/schema/oxm/spring-oxm-3.2.xsd
  						http://www.springframework.org/schema/util http://www.springframework.org/schema/util/spring-util-3.2.xsd
  						http://www.springframework.org/schema/task http://www.springframework.org/schema/task/spring-task-3.2.xsd">
  						
     <oxm:jaxb2-marshaller id="paymentMarshaller">
         <oxm:class-to-be-bound name="com.princetonecom.connect.otpcancelstgpaymentrequest1.ObjectFactory"/>
         <oxm:class-to-be-bound name="com.princetonecom.connect.otpcancelstgpaymentresponse1.ObjectFactory"/>
         <oxm:class-to-be-bound name="com.princetonecom.connect.fundingaccountretrievalrequest1.ObjectFactory"/>
         <oxm:class-to-be-bound name="com.princetonecom.connect.fundingaccountretrievalresponse1.ObjectFactory"/>
         <oxm:class-to-be-bound name="com.princetonecom.connect.fundingadminrequest.ObjectFactory"/>
         <oxm:class-to-be-bound name="com.princetonecom.connect.fundingadminresponse.ObjectFactory"/>
         <oxm:class-to-be-bound name="com.princetonecom.connect.paymentsearchrequest1.ObjectFactory"/>
         <oxm:class-to-be-bound name="com.princetonecom.connect.paymentsearchresponse1.ObjectFactory"/>
         <oxm:class-to-be-bound name="com.princetonecom.connect.paymentservicerequest.ObjectFactory"/>
         <oxm:class-to-be-bound name="com.princetonecom.connect.paymentserviceresponse.ObjectFactory"/>
         <oxm:class-to-be-bound name="org.xmlsoap.schemas.soap.envelope.ObjectFactory"/>
     </oxm:jaxb2-marshaller>
     
    <task:executor id="loggingTaskExecutor" pool-size="${aci.setting.spring.integration.logging.poolsize.value}"
               queue-capacity="${aci.setting.spring.integration.logging.queuecapacity.value}" 
       rejection-policy="CALLER_RUNS" keep-alive="${aci.setting.spring.integration.socket.timeout.value.milliseconds}"/>
       
     <int:channel id="saveMemberTptInChannel">
		<int:dispatcher task-executor="loggingTaskExecutor" failover="false"/>
	</int:channel>
	<int:channel id="saveMemberTptOutChannel"/>  
       
    <int:service-activator input-channel="saveMemberTptInChannel"
	output-channel="saveMemberTptOutChannel" ref="aciDaoServiceImpl"
	method="saveTPTServiceLog" requires-reply="true" />   
	
	<int:channel id="cancelPaymentRequestChannel"/>
	<int:channel id="cancelPaymentResponseChannel"/>
	
	<int:chain input-channel="cancelPaymentRequestChannel" output-channel="cancelPaymentResponseChannel">
		<int:transformer ref="aciServiceTransformer" method="createCancelPaymentRequest"/>
		<ws:outbound-gateway uri="${memberpay.setting.aci.cancelpayment.endpoint}"
			message-sender="httpSender" marshaller="paymentMarshaller"
			message-factory="soapMessageFactory" interceptors="paymentServiceInterceptors" header-mapper="soapHeaderMapper"/>
		<int:transformer ref="aciServiceTransformer" method="processCancelPaymentResponse" />
	</int:chain>
	
	<int:channel id="fundingRetrivalRequestChannel"/>
	<int:channel id="fundingRetrivalResponseChannel"/>
	
	<int:chain input-channel="fundingRetrivalRequestChannel" output-channel="fundingRetrivalResponseChannel">
		<int:transformer ref="aciServiceTransformer" method="createFundingAccountRetrievalRequest"/>
		<ws:outbound-gateway uri="${memberpay.setting.aci.fundingaccountretrival.endpoint}"
			message-sender="httpSender" marshaller="paymentMarshaller"
			message-factory="soapMessageFactory" interceptors="paymentServiceInterceptors" header-mapper="soapHeaderMapper"/>
		<int:transformer ref="aciServiceTransformer" method="processFundingAccountRetrivalResponse" />
	</int:chain>
	
	<int:channel id="fundingAdminRequestChannel"/>
	<int:channel id="fundingAdminResponseChannel"/>
	
	<int:chain input-channel="fundingAdminRequestChannel" output-channel="fundingAdminResponseChannel">
		<int:transformer ref="aciServiceTransformer" method="createFundingAdminRequest"/>
		<ws:outbound-gateway uri="${memberpay.setting.aci.fundingadmin.endpoint}"
			message-sender="httpSender" marshaller="paymentMarshaller"
			message-factory="soapMessageFactory" interceptors="paymentServiceInterceptors" header-mapper="soapHeaderMapper"/>
		<int:transformer ref="aciServiceTransformer" method="processFundingAdminResponse" />
	</int:chain>
	
	<int:channel id="paymentSearchRequestChannel"/>
	<int:channel id="paymentSearchResponseChannel"/>
	
	<int:chain input-channel="paymentSearchRequestChannel" output-channel="paymentSearchResponseChannel">
		<int:transformer ref="aciServiceTransformer" method="createPaymentSearchRequest"/>
		<ws:outbound-gateway uri="${memberpay.setting.aci.paymentsearch.endpoint}"
			message-sender="httpSender" marshaller="paymentMarshaller"
			message-factory="soapMessageFactory" interceptors="paymentServiceInterceptors" header-mapper="soapHeaderMapper"/>
		<int:transformer ref="aciServiceTransformer" method="processPaymentSearchResponse" />
	</int:chain>
	
	<int:channel id="paymentServiceRequestChannel"/>
	<int:channel id="paymentServiceResponseChannel"/>
	
	<int:chain input-channel="paymentServiceRequestChannel" output-channel="paymentServiceResponseChannel">
		<int:transformer ref="aciServiceTransformer" method="createPaymentServiceRequest"/>
		<ws:outbound-gateway uri="${memberpay.setting.aci.paymentservice.endpoint}"
			message-sender="httpSender" marshaller="paymentMarshaller"
			message-factory="soapMessageFactory" interceptors="paymentServiceInterceptors" header-mapper="soapHeaderMapper"/>
		<int:transformer ref="aciServiceTransformer" method="processPaymentServiceResponse" />
	</int:chain>
			
	<util:list id="paymentServiceInterceptors">
		<ref bean="paymentServiceSecurity" />
		<ref bean="aciContextInterceptor" />
		<ref bean="wsTracingInterceptor" />
	</util:list>
	
	<bean id="paymentServiceSecurity"
		class="org.springframework.ws.soap.security.wss4j.Wss4jSecurityInterceptor">
		<property name="securementActions" value="UsernameToken" />
		<property name="securementUsername" value="${memberpay.setting.aci.security.username}"/>
		<property name="securementPassword" value="${memberpay.setting.aci.security.password}" />
		<property name="securementPasswordType" value="PasswordText" />
		<property name="securementUsernameTokenElements" value="Nonce Created" />
	</bean>
	
	<bean id="soapHeaderMapper" class="org.springframework.integration.ws.DefaultSoapHeaderMapper">
		<property name="requestHeaderNames" value="requestingSystem" />
	</bean>
	
	<int:channel id="manageAciPayMethodRequestChannel"/>
	<int:channel id="manageAciPayMethodResponseChannel"/>
	
	<int:channel id="createAciPayMethodChannel"/>
	<int:channel id="updateAciPayMethodChannel"/>
	<int:channel id="deleteAciPayMethodChannel"/>
	<int:channel id="aciPayMethodSummaryChannel"/>
	
	
	
	<int:router input-channel="manageAciPayMethodRequestChannel" expression="payload.fundingRequestActionType">
		<int:mapping value="CREATE" channel="createAciPayMethodChannel"/>
        <int:mapping value="MODIFY" channel="updateAciPayMethodChannel"/>
        <int:mapping value="DELETE" channel="deleteAciPayMethodChannel"/> 
        <int:mapping value="GETSUM" channel="aciPayMethodSummaryChannel"/> 
	</int:router>
	
	<int:service-activator input-channel="createAciPayMethodChannel"
	output-channel="manageAciPayMethodResponseChannel" ref="aciHelperUtils"
	method="createPaymentMethod"/>
	
	<int:service-activator input-channel="updateAciPayMethodChannel"
	output-channel="manageAciPayMethodResponseChannel" ref="aciHelperUtils"
	method="updatePaymentMethod"/>
	
	<int:service-activator input-channel="deleteAciPayMethodChannel"
	output-channel="manageAciPayMethodResponseChannel" ref="aciHelperUtils"
	method="deletePaymentMethod"/>
	
	<int:service-activator input-channel="aciPayMethodSummaryChannel"
	output-channel="manageAciPayMethodResponseChannel" ref="aciHelperUtils"
	method="getPaymentMethodSummary"/>
	
	<int:channel id="submitAciPaymentRequestChannel"/>
	<int:channel id="submitAciPaymentResponseChannel"/>
	
	<int:channel id="payUsingExistingTokenChannelAci"/>
	<int:channel id="payAndDontSaveTokenChannelAci"/>
	<int:channel id="payAndSaveTokenChannelAci"/>
	
	
	<int:recipient-list-router input-channel="submitAciPaymentRequestChannel">
	    <int:recipient channel="payUsingExistingTokenChannelAci" selector-expression="payload.isNewPaymentMethod == false"/>
	    <int:recipient channel="payAndDontSaveTokenChannelAci" selector-expression="payload.isNewPaymentMethod == true &amp;&amp; payload.isForFutureUse == false"/>
	    <int:recipient channel="payAndSaveTokenChannelAci" selector-expression="payload.isNewPaymentMethod == true &amp;&amp; payload.isForFutureUse == true"/>
	</int:recipient-list-router>
	
	<int:service-activator input-channel="payUsingExistingTokenChannelAci"
	output-channel="submitAciPaymentResponseChannel" ref="aciHelperUtils"
	method="doPaymentWithExistingToken"/>
	
	<int:service-activator input-channel="payAndDontSaveTokenChannelAci"
	output-channel="submitAciPaymentResponseChannel" ref="aciHelperUtils"
	method="doPaymentAndFlushToken"/>
	
	<int:service-activator input-channel="payAndSaveTokenChannelAci"
	output-channel="submitAciPaymentResponseChannel" ref="aciHelperUtils"
	method="doPaymentAndSaveToken"/>
	
	
	<int:channel id="saveMedSuppMemTptInChannel">
		<int:dispatcher task-executor="loggingTaskExecutor" failover="false"/>
	</int:channel>
	<int:channel id="saveMedSuppMemTptOutChannel"/>  
       
    <int:service-activator input-channel="saveMedSuppMemTptInChannel"
	output-channel="saveMedSuppMemTptOutChannel" ref="medSuppAciDaoServiceImpl"
	method="saveTPTServiceLog" requires-reply="true" />
	
</beans>
