<?xml version="1.0" encoding="UTF-8"?>
<mappings xmlns="http://dozer.sourceforge.net" xmlns:xsi="http://www.w3.org/2001/XMLSchema-instance"
	xsi:schemaLocation="http://dozer.sourceforge.net http://dozer.sourceforge.net/schema/beanmapping.xsd">
	
	<mapping>
		<class-a>com.wellpoint.aci.payment.domain.orcc.FundingAccount
		</class-a>
		<class-b>com.princetonecom.connect.fundingaccountretrievalresponse1.FundingAccount
		</class-b>
		<field
			custom-converter="com.wellpoint.ebiz.middletier.aci.payment.converters.XMLGregorianCalendarConverter">
			<a>createDate</a>
			<b>createDate</b>
		</field>
		<field
			custom-converter="com.wellpoint.ebiz.middletier.aci.payment.converters.XMLGregorianCalendarConverter">
			<a>lastUpdateDate</a>
			<b>lastUpdateDate</b>
		</field>
		<field
			custom-converter="com.wellpoint.ebiz.middletier.aci.payment.converters.XMLGregorianCalendarConverter">
			<a>lastUsedDate</a>
			<b>lastUsedDate</b>
		</field>
	</mapping>


	
	<mapping>
		<class-a>com.wellpoint.aci.payment.domain.orcc.PaymentSearchServiceRequest</class-a>
		<class-b>com.princetonecom.connect.paymentsearchrequest1.PaymentSearchRequest</class-b>
			<field custom-converter="com.wellpoint.ebiz.middletier.aci.payment.converters.XMLGregorianCalendarConverter">
				<a>fromDate</a>
				<b>fromDate</b>
			</field>
			<field custom-converter="com.wellpoint.ebiz.middletier.aci.payment.converters.XMLGregorianCalendarConverter">
				<a>toDate</a>
				<b>toDate</b>
			</field>
	</mapping>
	
	<mapping>
		<class-a>com.princetonecom.connect.paymentsearchresponse1.PaymentSearchResponse</class-a>
		<class-b>com.wellpoint.aci.payment.domain.orcc.PaymentSearchServiceResponse</class-b>
			<field custom-converter="com.wellpoint.ebiz.middletier.aci.payment.converters.XMLGregorianCalendarConverter">
				<a>fromDate</a>
				<b>fromDate</b>
			</field>
			<field custom-converter="com.wellpoint.ebiz.middletier.aci.payment.converters.XMLGregorianCalendarConverter">
				<a>toDate</a>
				<b>toDate</b>
			</field>	
	</mapping>
	
	<mapping>
		<class-a>com.princetonecom.connect.paymentsearchresponse1.PaymentInfo</class-a>
		<class-b>com.wellpoint.aci.payment.domain.orcc.PaymentInfo</class-b>
			<field custom-converter="com.wellpoint.ebiz.middletier.aci.payment.converters.XMLGregorianCalendarConverter">
				<a>paymentDate</a>
				<b>paymentDate</b>
			</field>
			<field custom-converter="com.wellpoint.ebiz.middletier.aci.payment.converters.XMLGregorianCalendarConverter">
				<a>cancelDate</a>
				<b>cancelDate</b>
			</field>
			<field custom-converter="com.wellpoint.ebiz.middletier.aci.payment.converters.XMLGregorianCalendarConverter">
				<a>returnDate</a>
				<b>returnDate</b>
			</field>
	
	</mapping>
	
	
	<mapping>
		<class-a>com.princetonecom.connect.paymentserviceresponse.PaymentServiceResponse</class-a>
		<class-b>com.wellpoint.aci.payment.domain.orcc.PaymentServiceServiceResponse</class-b>
			<field custom-converter="com.wellpoint.ebiz.middletier.aci.payment.converters.XMLGregorianCalendarConverter">
				<a>finalPaymentDate</a>
				<b>finalPaymentDate</b>
			</field>
	</mapping>
	<mapping>
		<class-a>com.princetonecom.connect.paymentservicerequest.PaymentServiceRequest</class-a>
		<class-b>com.wellpoint.aci.payment.domain.orcc.PaymentServiceServiceRequest</class-b>
			<field custom-converter="com.wellpoint.ebiz.middletier.aci.payment.converters.XMLGregorianCalendarConverter">
				<a>requestedPaymentDate</a>
				<b>requestedPaymentDate</b>
			</field>
	</mapping>
	
	
</mappings>