<beans xmlns="http://www.springframework.org/schema/beans"
       xmlns:xsi="http://www.w3.org/2001/XMLSchema-instance"
       xmlns:jpa="http://www.springframework.org/schema/data/jpa"
       xmlns:context="http://www.springframework.org/schema/context"
       xmlns:tx="http://www.springframework.org/schema/tx"
       xmlns:jee="http://www.springframework.org/schema/jee"
       xsi:schemaLocation="http://www.springframework.org/schema/beans
    http://www.springframework.org/schema/beans/spring-beans.xsd
    http://www.springframework.org/schema/data/jpa
    http://www.springframework.org/schema/data/jpa/spring-jpa.xsd
    http://www.springframework.org/schema/context
    http://www.springframework.org/schema/context/spring-context.xsd
    http://www.springframework.org/schema/tx 
    http://www.springframework.org/schema/tx/spring-tx.xsd
    http://www.springframework.org/schema/jee 
    http://www.springframework.org/schema/jee/spring-jee.xsd">

   <jee:jndi-lookup id="hixEnrollmentDb2" jndi-name="jdbc/gbdPaymentPortalDb2"
		resource-ref="true" proxy-interface="javax.sql.DataSource" />
		
   <jee:jndi-lookup id="memberPayLogging" jndi-name="jdbc/gbdMemberPayLogging"
		resource-ref="true" proxy-interface="javax.sql.DataSource" />

	<bean id="aciJdbcTemplate" class="org.springframework.jdbc.core.JdbcTemplate">
		<property name="dataSource">
			<ref bean="memberPayLogging" />
		</property>
	</bean>
	<bean id="gbdJdbcTemplate" class="org.springframework.jdbc.core.JdbcTemplate">
		<property name="dataSource">
			<ref bean="memberPayLogging" />
		</property>
	</bean>
	<!-- Added by Cognizant for TPP change July 2017 - Start -->
	<bean id="tppJdbcTemplate" class="org.springframework.jdbc.core.JdbcTemplate">
		<property name="dataSource">
			<ref bean="memberPayLogging" />
		</property>
	</bean>
	<!-- Added by Cognizant for TPP change July 2017 - End -->
	<bean id="jdbcTemplate" class="org.springframework.jdbc.core.JdbcTemplate">
		<property name="dataSource">
			<ref bean="hixEnrollmentDb2" />
		</property>
	</bean>
		
	<!-- Added by Cognizant for KYGPP change Apr 2018 - Start -->
	<bean id="kygppJdbcTemplate" class="org.springframework.jdbc.core.JdbcTemplate">
		<property name="dataSource">
			<ref bean="memberPayLogging" />
		</property>
	</bean>
	<!-- Added by Cognizant for KYGPP change Apr 2018 - End -->
   
    <!-- Added by Cognizant for KYPP change June 2018 - Start -->
	<bean id="kyppJdbcTemplate" class="org.springframework.jdbc.core.JdbcTemplate">
		<property name="dataSource">
			<ref bean="memberPayLogging" />
		</property>
	</bean>
	
	<bean id="kymbJdbcTemplate" class="org.springframework.jdbc.core.JdbcTemplate">
		<property name="dataSource">
			<ref bean="memberPayLogging" />
		</property>
	</bean>
	<!-- Added by Cognizant for KYPP change June 2018 - End -->
	
   <bean id="aciTPTServicesLogDao" class="com.wellpoint.ebiz.middletier.aci.payment.dao.service.AciTPTServicesLogDaoImpl">
      <property name="dataSource" ref= "memberPayLogging" />
   </bean>
   
   <jee:jndi-lookup id="medSupphixEnrollmentDb2" jndi-name="jdbc/hixEnrollDb2Console"
		resource-ref="true" proxy-interface="javax.sql.DataSource" />
		
   <bean id="medSuppAciDaoServiceImpl" class="com.wellpoint.ebiz.middletier.medsupp.aci.payment.dao.service.MedSuppAciDaoServiceImpl">
      <property name="dataSource" ref= "medSupphixEnrollmentDb2" />
   </bean>
     
</beans>