<beans xmlns="http://www.springframework.org/schema/beans"
	   xmlns:xsi="http://www.w3.org/2001/XMLSchema-instance"
	   xmlns:context="http://www.springframework.org/schema/context"
	   xmlns:int="http://www.springframework.org/schema/integration"
	   xsi:schemaLocation="http://www.springframework.org/schema/beans http://www.springframework.org/schema/beans/spring-beans-3.2.xsd
  						http://www.springframework.org/schema/context http://www.springframework.org/schema/context/spring-context-3.2.xsd
  						http://www.springframework.org/schema/integration http://www.springframework.org/schema/integration/spring-integration-3.0.xsd">
	
	<context:component-scan base-package="com.wellpoint">
		<!-- <context:exclude-filter type="regex" expression="com.wellpoint.ebiz.middletier.pport.payment.dao\..*"/>	
		<context:exclude-filter type="regex" expression="com.wellpoint.ebiz.middletier.pport.payment.service\..*"/>
		<context:exclude-filter type="regex" expression="com.wellpoint.ebiz.middletier.pport.payment.email.*"/>  -->
	</context:component-scan>
	
	<import resource="aci-integration-context.xml" />
	
	<int:channel id="service-error-channel"/>
	<int:gateway id="aciGateway" service-interface="com.wellpoint.ebiz.middletier.aci.payment.gateway.AciGateway" error-channel="service-error-channel"/>
	
	<int:chain input-channel="service-error-channel" output-channel="nullChannel">
		<int:transformer ref="errorUnwrapper" />
		<int:service-activator ref="errorHandler" method="handleError" />
	</int:chain>
	
	<bean id="httpSender"
		class="org.springframework.ws.transport.http.CommonsHttpMessageSender">
		<property name="connectionTimeout" value="12000" />
		<property name="readTimeout" value="12000" />
		<property name="httpClient" ref="httpClientWebService" />
	</bean>
	
	<bean id="httpClientWebService" class="org.apache.commons.httpclient.HttpClient">
		<constructor-arg ref="httpClientParamsWebService" />
		<constructor-arg ref="httpConnectionManager" />
	</bean>

	<bean id="httpClientParamsWebService" class="org.apache.commons.httpclient.params.HttpClientParams" />

	<bean id="httpConnectionManager"
		class="org.apache.commons.httpclient.MultiThreadedHttpConnectionManager">
		<property name="params" ref="httpConnectionManagerParams" />
	</bean>
	
	<bean id="httpConnectionManagerParams"
		class="org.apache.commons.httpclient.params.HttpConnectionManagerParams">
		<property name="connectionTimeout" value="${aci.setting.spring.integration.socket.timeout.value.milliseconds}" />
		<property name="soTimeout" value="${aci.setting.spring.integration.socket.timeout.value.milliseconds}" />
		<property name="defaultMaxConnectionsPerHost" value="${aci.setting.spring.integration.defaultmaxconnectionsperhost.value}"/>
		<property name="maxTotalConnections" value="500" />
	</bean>
	
	<bean id="soapMessageFactory" class="org.springframework.ws.soap.saaj.SaajSoapMessageFactory" />
	
	<bean id="wsTracingInterceptor" class="com.wellpoint.ebiz.middletier.aci.payment.transformer.WsTracingInterceptor" />
	
	<bean id="dozerMapper" class="org.dozer.DozerBeanMapper">
		<property name="mappingFiles">
			<list>
				<value>aci-dozer-mapping.xml</value>
			</list>
		</property>
	</bean>
	
</beans>
