{
  "$schema": "./node_modules/@angular/cli/lib/config/schema.json",
  "project": {
    "name": "RECURRING PAYMENT TOOL"
  },
  "apps": [
    {
      "root": "src",
      "outDir": "dist/CSR/secure/",
      "assets": [
        "assets/favicon",
        "assets/images",
        "favicon.ico",
        "assets/recurring.json",
        "assets/paymentmethods.json",
        ".htaccess",
        {
          "glob" : "**/*",
          "input" : "./public/",
          "output": "../public/",
          "allowOutsideOutDir": true
        },
        {
          "glob" : "./styles.css",
          "input" : "./",
          "output": "../public/",
          "allowOutsideOutDir": true
        },
        {
          "glob" : "**/anthem.jpg",
          "input" : "./assets/images/",
          "output": "../public/assets/images/",
          "allowOutsideOutDir": true
        },
        {
          "glob" : "**/login-left-img.png",
          "input" : "./assets/images/",
          "output": "../public/assets/images/",
          "allowOutsideOutDir": true
        }
      ],
      "index": "index.html",
      "main": "main.ts",
      "polyfills": "polyfills.ts",
      "test": "test.ts",
      "tsconfig": "tsconfig.app.json",
      "testTsconfig": "tsconfig.spec.json",
      "prefix": "app",
      "styles": [
        "styles.css",
        "../node_modules/bootstrap-datepicker/dist/css/bootstrap-datepicker.min.css"
      ],
      "scripts": [
        "../node_modules/jquery/dist/jquery.min.js",
        "../node_modules/bootstrap/dist/js/bootstrap.min.js",
        "../node_modules/bootstrap-datepicker/dist/js/bootstrap-datepicker.min.js"
      ],
      "environmentSource": "environments/environment.ts",
      "environments": {
        "dev": "environments/environment.ts",
        "dev-env": "environments/environment.dev-env.ts",
        "sit-env": "environments/environment.sit-env.ts",
        "uat-env": "environments/environment.uat-env.ts",
        "perf-env": "environments/environment.perf-env.ts",
        "prod": "environments/environment.prod.ts"
      }
    }
  ],
  "e2e": {
    "protractor": {
      "config": "./protractor.conf.js"
    }
  },
  "lint": [
    {
      "project": "src/tsconfig.app.json",
      "exclude": "**/node_modules/**"
    },
    {
      "project": "src/tsconfig.spec.json",
      "exclude": "**/node_modules/**"
    },
    {
      "project": "e2e/tsconfig.e2e.json",
      "exclude": "**/node_modules/**"
    }
  ],
  "test": {
    "karma": {
      "config": "./karma.conf.js"
    }
  },
  "defaults": {
    "styleExt": "css",
    "component": {}
  }
}
