<?xml version="1.0" encoding="UTF-8"?>

<beans xmlns="http://www.springframework.org/schema/beans" xmlns:xsi="http://www.w3.org/2001/XMLSchema-instance"
       xmlns:context="http://www.springframework.org/schema/context"
       xmlns:cassandra="http://www.springframework.org/schema/data/cassandra"       
       xsi:schemaLocation="http://www.springframework.org/schema/beans 
       http://www.springframework.org/schema/beans/spring-beans-3.1.xsd 
       http://www.springframework.org/schema/context 
       http://www.springframework.org/schema/context/spring-context.xsd
       http://www.springframework.org/schema/data/cassandra 
       http://www.springframework.org/schema/data/cassandra/spring-cassandra.xsd">

   
   <bean id="baseContextProperties"
		class="org.springframework.beans.factory.config.PropertyPlaceholderConfigurer">
		<property name="locations">
			<list>
				<value>file:/wsapps/eox/deployment/config/memberpay/aci/service//service-config.properties
				</value>
			</list>
		</property>
	</bean>
	
    
	
</beans>
