<beans xmlns="http://www.springframework.org/schema/beans"
	xmlns:context="http://www.springframework.org/schema/context"
	xmlns:mvc="http://www.springframework.org/schema/mvc" xmlns:xsi="http://www.w3.org/2001/XMLSchema-instance"
	xmlns:aop="http://www.springframework.org/schema/aop"
	xsi:schemaLocation="
        http://www.springframework.org/schema/beans     
        http://www.springframework.org/schema/beans/spring-beans-3.0.xsd
        http://www.springframework.org/schema/context 
        http://www.springframework.org/schema/context/spring-context-3.0.xsd
        http://www.springframework.org/schema/mvc
        http://www.springframework.org/schema/mvc/spring-mvc-3.0.xsd
        http://www.springframework.org/schema/aop
        http://www.springframework.org/schema/aop/spring-aop-3.0.xsd">

	<context:component-scan base-package="com.wellpoint.*.*" />
	<mvc:annotation-driven />

	<bean id="baseContextProperties"
		class="org.springframework.beans.factory.config.PropertyPlaceholderConfigurer">
		<property name="locations">
			<list>
				<value>file:/wsapps/eox/deployment/config/memberpay/aci/service/service-config.properties
				</value>
			</list>
		</property>
	</bean>
	
	<bean id="messageSource"
		class="org.springframework.context.support.ReloadableResourceBundleMessageSource" autowire="byName">
		<property name="basenames">
			<list>
				<value>classpath:aci-error-message</value>
				<!-- <value>file:/wsapps/eox/deployment/config/memberpay/service/message-bundle</value> -->
			</list>
		</property>
	</bean>

	<aop:aspectj-autoproxy />
	<bean id="memberPayAspect"
		class="com.wellpoint.ebiz.middletier.aci.payment.aspect.AciAspect" />
		
	<bean id="medSuppAciAspect"
		class="com.wellpoint.ebiz.middletier.medsupp.aci.payment.aspect.MedSuppAciAspect" />
		
</beans>
