<beans xmlns="http://www.springframework.org/schema/beans"
	xmlns:xsi="http://www.w3.org/2001/XMLSchema-instance" xmlns:jpa="http://www.springframework.org/schema/data/jpa"
	xmlns:context="http://www.springframework.org/schema/context" xmlns:tx="http://www.springframework.org/schema/tx"
	xmlns:jee="http://www.springframework.org/schema/jee"
	xsi:schemaLocation="http://www.springframework.org/schema/beans
    http://www.springframework.org/schema/beans/spring-beans.xsd
    http://www.springframework.org/schema/data/jpa
    http://www.springframework.org/schema/data/jpa/spring-jpa.xsd
    http://www.springframework.org/schema/context
    http://www.springframework.org/schema/context/spring-context.xsd
    http://www.springframework.org/schema/tx 
    http://www.springframework.org/schema/tx/spring-tx.xsd
    http://www.springframework.org/schema/jee 
    http://www.springframework.org/schema/jee/spring-jee.xsd">

	<jee:jndi-lookup id="tppDb2" jndi-name="jdbc/gbdMemberPayLogging"
		resource-ref="true" proxy-interface="javax.sql.DataSource" />
		
	<jee:jndi-lookup id="gbdMemberPayLogging" jndi-name="jdbc/gbdMemberPayLogging"
		resource-ref="true" proxy-interface="javax.sql.DataSource" />
	
	<!-- Added by Cognizant for TPC change March 2018 release - Start -->
	<jee:jndi-lookup id="olxDB" jndi-name="jdbc/hixEnrollDb2Console"
		resource-ref="true" proxy-interface="javax.sql.DataSource" />
	
	<bean id="tpcLoginServiceDao"
		class="com.wellpoint.ebiz.middletier.tpp.dao.impl.TPCLoginServiceDaoImpl">
		<property name="dataSource" ref="olxDB" />
	</bean>
	<!-- Added by Cognizant for TPC change March 2018 release - End -->
	
	<bean id="loginServiceDao"
		class="com.wellpoint.ebiz.middletier.tpp.dao.impl.LoginServiceDaoImpl">
		<property name="dataSource" ref="tppDb2" />
	</bean>
	<!-- Modified by Cognizant for TPC change March 2018 release - Start -->
	<bean id="tPTServicesLogDao"
		class="com.wellpoint.ebiz.middletier.tpp.dao.impl.TPTServicesLogDaoImpl">
		<property name="dataSource" ref="gbdMemberPayLogging" />
		<property name="olxDataSource" ref="olxDB" />
	</bean>

	<bean id="transLogDAO"
		class="com.wellpoint.ebiz.middletier.tpp.dao.impl.TransLogDAOImpl">
		<property name="dataSource" ref="gbdMemberPayLogging" />
		<property name="olxDataSource" ref="olxDB" />
	</bean>
	<!-- Modified by Cognizant for TPC change March 2018 release - End -->

</beans>