{
	"totalTransactions": 200,
	"totalDollarAmount": 202356.12,
	"totalFees": 5356.12,
	"totalDebits": 62356.12,
	"transactionsList": [{
			"account": "0123456789",
			"accountName": "Sujana",
			"dateTimeInitiated": "2018-05-23 11:25",
			"paymentAmount": 23.50,
			"fee": 2.50,
			"total": 26,
			"paymentDate": "2018-05-23",
			"chaseOrderId": "5485963248521526",
			"paymentType": "ACH",
			"paymentSubType": "Personal Savings",
			"csrLoginId": "AC82798",
			"division": "FHTB",
			"invoiceNo": "956285",
			"productId": "956200",
			"paymentChannel": "WEB",
			"groupId": "9562",
			"tppId": "vigneshsuryah",
			"lastDigitsFunding": "9562"
		},
		{
			"account": "4851259632",
			"accountName": "Vignesh",
			"dateTimeInitiated": "2018-06-23 14:03",
			"paymentAmount": 55.50,
			"fee": 2.50,
			"total": 58,
			"paymentDate": "2018-06-23",
			"chaseOrderId": "9485963248521523",
			"paymentType": "ACH",
			"paymentSubType": "Personal Checking",
			"csrLoginId": "BC78451",
			"division": "HJY8",
			"invoiceNo": "356285",
			"productId": "356200",
			"paymentChannel": "WEB",
			"groupId": "3562",
			"tppId": "sujanadaniel",
			"lastDigitsFunding": "3562"
		},
		{
			"account": "8553339632",
			"accountName": "Saravana",
			"dateTimeInitiated": "2018-06-28 16:15",
			"paymentAmount": 23.50,
			"fee": 2.50,
			"total": 26,
			"paymentDate": "2018-06-28",
			"chaseOrderId": "9485963248521523",
			"paymentType": "ACH",
			"paymentSubType": "Personal Checking",
			"csrLoginId": "PV78521",
			"division": "HJY8",
			"invoiceNo": "366285",
			"productId": "366200",
			"paymentChannel": "WEB",
			"groupId": "3662",
			"tppId": "sujanadaniel",
			"lastDigitsFunding": "8521"
		},
		{
			"account": "8553339632",
			"accountName": "Mohan Suresh",
			"dateTimeInitiated": "2018-12-28 15:20",
			"paymentAmount": 33.50,
			"fee": 2.50,
			"total": 36,
			"paymentDate": "2018-06-28",
			"chaseOrderId": "9485963248521523",
			"paymentType": "ACH",
			"paymentSubType": "Personal Checking",
			"csrLoginId": "AA78521",
			"division": "HJY8",
			"invoiceNo": "366285",
			"productId": "366200",
			"paymentChannel": "WEB",
			"groupId": "3662",
			"tppId": "sujanadaniel",
			"lastDigitsFunding": "8521"
		},
		{
			"account": "1234567890",
			"accountName": "Vikashini",
			"dateTimeInitiated": "2017-01-23 11:25",
			"paymentAmount": 21.50,
			"fee": 2.50,
			"total": 26,
			"paymentDate": "2018-05-23",
			"chaseOrderId": "5485963248521526",
			"paymentType": "ACH",
			"paymentSubType": "Personal Savings",
			"csrLoginId": "AC82798",
			"division": "FHTB",
			"invoiceNo": "956285",
			"productId": "956200",
			"paymentChannel": "WEB",
			"groupId": "9562",
			"tppId": "vikashinim",
			"lastDigitsFunding": "9562"
		},
		{
			"account": "2345678901",
			"accountName": "test1",
			"dateTimeInitiated": "2017-02-23 11:25",
			"paymentAmount": 21.50,
			"fee": 2.50,
			"total": 26,
			"paymentDate": "2018-05-23",
			"chaseOrderId": "5485963248521526",
			"paymentType": "ACH",
			"paymentSubType": "Business Checkings",
			"csrLoginId": "AC82798",
			"division": "FHTB",
			"invoiceNo": "956285",
			"productId": "956200",
			"paymentChannel": "WEB",
			"groupId": "9562",
			"tppId": "vikashinim",
			"lastDigitsFunding": "9562"
		},
		{
			"account": "3456789012",
			"accountName": "test2",
			"dateTimeInitiated": "2017-03-23 11:25",
			"paymentAmount": 21.50,
			"fee": 2.50,
			"total": 26,
			"paymentDate": "2018-05-23",
			"chaseOrderId": "5485963248521526",
			"paymentType": "ACH",
			"paymentSubType": "Business Savings",
			"csrLoginId": "AC82798",
			"division": "FHTB",
			"invoiceNo": "956285",
			"productId": "956200",
			"paymentChannel": "WEB",
			"groupId": "9562",
			"tppId": "vikashinim",
			"lastDigitsFunding": "9562"
		},
		{
			"account": "4567890123",
			"accountName": "test3",
			"dateTimeInitiated": "2017-04-23 11:25",
			"paymentAmount": 21.50,
			"fee": 2.50,
			"total": 26,
			"paymentDate": "2018-05-23",
			"chaseOrderId": "5485963248521526",
			"paymentType": "ACH",
			"paymentSubType": "Business Checkings",
			"csrLoginId": "AC82798",
			"division": "FHTB",
			"invoiceNo": "956285",
			"productId": "956200",
			"paymentChannel": "WEB",
			"groupId": "9562",
			"tppId": "vikashinim",
			"lastDigitsFunding": "9562"
		},
		{
			"account": "5678901234",
			"accountName": "test4",
			"dateTimeInitiated": "2017-06-23 11:25",
			"paymentAmount": 21.50,
			"fee": 2.50,
			"total": 26,
			"paymentDate": "2018-05-23",
			"chaseOrderId": "5485963248521526",
			"paymentType": "ACH",
			"paymentSubType": "Business Savings",
			"csrLoginId": "AC82798",
			"division": "FHTB",
			"invoiceNo": "956285",
			"productId": "956200",
			"paymentChannel": "WEB",
			"groupId": "9562",
			"tppId": "vikashinim",
			"lastDigitsFunding": "9562"
		},
		{
			"account": "6789012345",
			"accountName": "test5",
			"dateTimeInitiated": "2017-07-23 11:25",
			"paymentAmount": 21.50,
			"fee": 2.50,
			"total": 26,
			"paymentDate": "2018-05-23",
			"chaseOrderId": "5485963248521526",
			"paymentType": "ACH",
			"paymentSubType": "Personal Checkings",
			"csrLoginId": "AC82798",
			"division": "FHTB",
			"invoiceNo": "956285",
			"productId": "956200",
			"paymentChannel": "WEB",
			"groupId": "9562",
			"tppId": "vikashinim",
			"lastDigitsFunding": "9562"
		},
		{
			"account": "7890123456",
			"accountName": "test6",
			"dateTimeInitiated": "2017-08-23 11:25",
			"paymentAmount": 21.50,
			"fee": 2.50,
			"total": 26,
			"paymentDate": "2018-05-23",
			"chaseOrderId": "5485963248521526",
			"paymentType": "ACH",
			"paymentSubType": "Personal Savings",
			"csrLoginId": "AC82798",
			"division": "FHTB",
			"invoiceNo": "956285",
			"productId": "956200",
			"paymentChannel": "WEB",
			"groupId": "9562",
			"tppId": "vikashinim",
			"lastDigitsFunding": "9562"
		},
		{
			"account": "8901234567",
			"accountName": "test7",
			"dateTimeInitiated": "2017-09-23 11:25",
			"paymentAmount": 21.50,
			"fee": 2.50,
			"total": 26,
			"paymentDate": "2018-05-23",
			"chaseOrderId": "5485963248521526",
			"paymentType": "ACH",
			"paymentSubType": "Personal Checkings",
			"csrLoginId": "AC82798",
			"division": "FHTB",
			"invoiceNo": "956285",
			"productId": "956200",
			"paymentChannel": "WEB",
			"groupId": "9562",
			"tppId": "vikashinim",
			"lastDigitsFunding": "9562"
		},
		{
			"account": "9876543210",
			"accountName": "Daniel",
			"dateTimeInitiated": "2018-06-20 11:25",
			"paymentAmount": 20.56,
			"fee": 5.50,
			"total": 20,
			"paymentDate": "2017-06-30",
			"chaseOrderId": "5657965147521526",
			"paymentType": "ACH",
			"paymentSubType": "Personal Checking",
			"csrLoginId": "AD83528",
			"division": "FHTB",
			"invoiceNo": "956285",
			"productId": "946500",
			"paymentChannel": "WEB",
			"groupId": "8367",
			"tppId": "sujanadaniel",
			"lastDigitsFunding": "8642"
		},

		{
			"account": "5463210879",
			"accountName": "Christopher",
			"dateTimeInitiated": "2018-11-15 10:25",
			"paymentAmount": 40.56,
			"fee": 20.50,
			"total": 65,
			"paymentDate": "2018-11-30",
			"chaseOrderId": "5657658747527124",
			"paymentType": "ACH",
			"paymentSubType": "Business Checking",
			"csrLoginId": "AD83528",
			"division": "FHTB",
			"invoiceNo": "635218",
			"productId": "986541",
			"paymentChannel": "WEB",
			"groupId": "7652",
			"tppId": "sujanadaniel",
			"lastDigitsFunding": "6514"
		},

		{
			"account": "5463210879",
			"accountName": "Jane",
			"dateTimeInitiated": "2018-06-15 10:25",
			"paymentAmount": 110.56,
			"fee": 50.50,
			"total": 69,
			"paymentDate": "2018-05-10",
			"chaseOrderId": "8569358747575481",
			"paymentType": "ACH",
			"paymentSubType": "Business Checking",
			"csrLoginId": "AD83528",
			"division": "FHTB",
			"invoiceNo": "951246",
			"productId": "465321",
			"paymentChannel": "WEB",
			"groupId": "8521",
			"tppId": "sujanadaniel",
			"lastDigitsFunding": "9658"
		},

		{
			"account": "5463210879",
			"accountName": "John",
			"dateTimeInitiated": "2018-08-15 10:25",
			"paymentAmount": 49.56,
			"fee": 26.50,
			"total": 55,
			"paymentDate": "2018-11-30",
			"chaseOrderId": "5659685747524521",
			"paymentType": "ACH",
			"paymentSubType": "Business Checking",
			"csrLoginId": "AD83528",
			"division": "FHTB",
			"invoiceNo": "748519",
			"productId": "963587",
			"paymentChannel": "WEB",
			"groupId": "7854",
			"tppId": "sujanadaniel",
			"lastDigitsFunding": "6531"
		},

		{
			"account": "5463210879",
			"accountName": "Doe",
			"dateTimeInitiated": "2017-10-15 10:25",
			"paymentAmount": 50.56,
			"fee": 22.50,
			"total": 45,
			"paymentDate": "2018-10-09",
			"chaseOrderId": "6842658785227965",
			"paymentType": "ACH",
			"paymentSubType": "Business Savings",
			"csrLoginId": "AD83528",
			"division": "FHTB",
			"invoiceNo": "652347",
			"productId": "452189",
			"paymentChannel": "WEB",
			"groupId": "7514",
			"tppId": "sujanadaniel",
			"lastDigitsFunding": "6548"
		},
		{
			"account": "1003456789",
			"accountName": "Madhan",
			"dateTimeInitiated": "2018-05-29 11:25",
			"paymentAmount": 123.50,
			"fee": 12.50,
			"total": 136,
			"paymentDate": "2018-05-29",
			"chaseOrderId": "1005963248521526",
			"paymentType": "ACH",
			"paymentSubType": "Personal Checking",
			"csrLoginId": "AF10391",
			"division": "FHTB",
			"invoiceNo": "956281",
			"productId": "956201",
			"paymentChannel": "WEB",
			"groupId": "9563",
			"tppId": "madhankumar",
			"lastDigitsFunding": "1256"
		},

		{
			"account": "1013456789",
			"accountName": "maddox",
			"dateTimeInitiated": "2018-05-27 11:25",
			"paymentAmount": 23.50,
			"fee": 12.50,
			"total": 36,
			"paymentDate": "2018-05-27",
			"chaseOrderId": "1015963248521526",
			"paymentType": "ACH",
			"paymentSubType": "Personal Savings",
			"csrLoginId": "AF10391",
			"division": "FHTB",
			"invoiceNo": "956282",
			"productId": "956202",
			"paymentChannel": "WEB",
			"groupId": "9564",
			"tppId": "madhankumar",
			"lastDigitsFunding": "1257"
		},

		{
			"account": "1023456789",
			"accountName": "maddoxskumar",
			"dateTimeInitiated": "2018-05-28 11:25",
			"paymentAmount": 3.50,
			"fee": 12.50,
			"total": 16,
			"paymentDate": "2018-05-28",
			"chaseOrderId": "1025963248521526",
			"paymentType": "ACH",
			"paymentSubType": "Personal Savings",
			"csrLoginId": "AF10391",
			"division": "FHTB",
			"invoiceNo": "956283",
			"productId": "956203",
			"paymentChannel": "WEB",
			"groupId": "9564",
			"tppId": "madhankumar",
			"lastDigitsFunding": "1258"
		},

		{
			"account": "1033456789",
			"accountName": "skumar",
			"dateTimeInitiated": "2018-05-29 11:25",
			"paymentAmount": 43.50,
			"fee": 12.50,
			"total": 56,
			"paymentDate": "2018-05-29",
			"chaseOrderId": "1035963248521526",
			"paymentType": "ACH",
			"paymentSubType": "Personal Savings",
			"csrLoginId": "AF10391",
			"division": "FHTB",
			"invoiceNo": "956288",
			"productId": "956208",
			"paymentChannel": "WEB",
			"groupId": "9567",
			"tppId": "madhankumar",
			"lastDigitsFunding": "1259"
		},

		{
			"account": "1043456789",
			"accountName": "skumartest",
			"dateTimeInitiated": "2018-05-30 11:25",
			"paymentAmount": 143.50,
			"fee": 12.50,
			"total": 156,
			"paymentDate": "2018-05-30",
			"chaseOrderId": "1045963248521526",
			"paymentType": "ACH",
			"paymentSubType": "Personal Savings",
			"csrLoginId": "AF10391",
			"division": "FHTB",
			"invoiceNo": "956289",
			"productId": "956209",
			"paymentChannel": "WEB",
			"groupId": "9568",
			"tppId": "madhankumars",
			"lastDigitsFunding": "1251"
        },
        {
			"account": "0123456789",
			"accountName": "Sujana",
			"dateTimeInitiated": "2018-05-23 11:25",
			"paymentAmount": 23.50,
			"fee": 2.50,
			"total": 26,
			"paymentDate": "2018-05-23",
			"chaseOrderId": "5485963248521526",
			"paymentType": "ACH",
			"paymentSubType": "Personal Savings",
			"csrLoginId": "AC82798",
			"division": "FHTB",
			"invoiceNo": "956285",
			"productId": "956200",
			"paymentChannel": "WEB",
			"groupId": "9562",
			"tppId": "vigneshsuryah",
			"lastDigitsFunding": "9562"
		},
		{
			"account": "4851259632",
			"accountName": "Vignesh",
			"dateTimeInitiated": "2018-06-23 14:03",
			"paymentAmount": 55.50,
			"fee": 2.50,
			"total": 58,
			"paymentDate": "2018-06-23",
			"chaseOrderId": "9485963248521523",
			"paymentType": "ACH",
			"paymentSubType": "Personal Checking",
			"csrLoginId": "BC78451",
			"division": "HJY8",
			"invoiceNo": "356285",
			"productId": "356200",
			"paymentChannel": "WEB",
			"groupId": "3562",
			"tppId": "sujanadaniel",
			"lastDigitsFunding": "3562"
		},
		{
			"account": "8553339632",
			"accountName": "Saravana",
			"dateTimeInitiated": "2018-06-28 16:15",
			"paymentAmount": 23.50,
			"fee": 2.50,
			"total": 26,
			"paymentDate": "2018-06-28",
			"chaseOrderId": "9485963248521523",
			"paymentType": "ACH",
			"paymentSubType": "Personal Checking",
			"csrLoginId": "PV78521",
			"division": "HJY8",
			"invoiceNo": "366285",
			"productId": "366200",
			"paymentChannel": "WEB",
			"groupId": "3662",
			"tppId": "sujanadaniel",
			"lastDigitsFunding": "8521"
		}
	]
}