{
	"success": true,
	"data": {
		"isCancelledTransaction": false,
		"isReturnedTransaction": false,
		"isRefundedTransaction": true,
		"transaction_info": {
			"initiated": "02/22/2019, 07:28:33",
			"payment_channel": "CSR",
			"loginId": "AF74569",
			"premium": 20,
			"fee": 0,
			"total": 20,
			"transaction_status": "COMPLETED",
			"email": "",
			"notification": "",
			"thirdParty": "",
			"notes": "payment submitted",
			"payment_type": "ACH",
			"payment_sub_type": "PERSONAL SAVINGS",
			"credit_card_first_six": "NA",
			"credit_card_last_four": "NA",
			"cc_token": "NA",
			"cc_authorization_number": "NA",
			"bank_routing_number": "062000080",
			"bank_account_number": "062000080",
			"name_on_funding_account": "pavan kumar",
			"fund_account_owner_full_address": {
				"address1": "7390 Ky Highway 1781",
				"city": "Crab Orchard",
				"state": "KY",
				"zipcode": "40419"
			},
			"product_code": "KYHEXADL"
		},
		"remit_info": {
			"member_billing_name": "Supplee, Susan",
			"member_billing_id": "724684800",
			"group_number": "KYMCDWP0",
			"anthem_divison": "1568015",
			"product_identifier": "KYHEXADL",
			"invoice_number": ""
		},
		"refunded_info": {
			"refund_id":"78236582",
			"refund_date":"03/10/2019",
			"refund_status":"COMPLETED",
			"refund_amount":"50",
			"refund_reason_code":"Q07",
			"refund_reason_description":"Duplicate Payment",
			"login_id":"AD83528"
		}
	}
}