{
	"healthCardId": "YRK723395852",
	"memberpayRecurringPayments": [{
		"productID": "INHIPPL2",
		"pullIndicator": "N",
		"memberPayBillAcount": {
			"billDate": "2018-02-07",
			"dueDate": "2018-03-01",
			"minDue": "247.88",
			"totalDue": "247.88",
			"billFrequency": "12",
			"billCoveragePeriod": "2018-03-01 - 2018-03-31",
			"billFromDt": "2018-03-01",
			"billToDt": "2018-03-31",
			"billOverDueInd": "Yes",
			"coverageStatus": "ACTIVE",
			"sbrUid": "775682800",
			"classId": "CH05",
			"planId": "INHIPPL0",
			"type": "MEDICAID",
			"productDescription": "IN Medicaid - Healthy Indiana Plan",
			"dateEffective": "2017-04-01",
			"dateTermination": "2199-12-31",
			"planName": "IN HIP Plus- Copay (Power Account)",
			"productId": "INHIPPL2",
			"medicareDiscount": "0.00",
			"federalSubsidyAmt": "0.00",
			"stateSubsidyAmt": "0.00",
			"mbrResponsibilityAmt": "0.00",
			"daysBeforeDueDt": "0",
			"billOverDueDays": "83"
		},
		"payDate": "05",
		"createdBy": "YRK723395851",
		"authMode": "WEB",
		"startDate": "2018-05-23",
		"recurringHealthCardId": "YRK723395851",
		"tokenID": "58938DB7BA4B30FB25D780BA1BC4F79B",
		"paymentType": "CreditCard",
		"firstName": "Lillie",
		"lastName": "Wheeler",
		"brand": "ANTHEM-WCSIN"
	},
	{
		"productID": "INHIPPL2",
		"pullIndicator": "N",
		"memberPayBillAcount": {
			"billDate": "2018-02-07",
			"dueDate": "2018-03-01",
			"minDue": "247.88",
			"totalDue": "247.88",
			"billFrequency": "12",
			"billCoveragePeriod": "2018-03-01 - 2018-03-31",
			"billFromDt": "2018-03-01",
			"billToDt": "2018-03-31",
			"billOverDueInd": "Yes",
			"coverageStatus": "ACTIVE",
			"sbrUid": "775682800",
			"classId": "CH05",
			"planId": "INHIPPL0",
			"type": "MEDICAID",
			"productDescription": "Dental Account 1G0Q00",
			"dateEffective": "2017-04-01",
			"dateTermination": "2199-12-31",
			"planName": "IN HIP Plus- Copay (Power Account)",
			"productId": "INHIPPL2",
			"medicareDiscount": "0.00",
			"federalSubsidyAmt": "0.00",
			"stateSubsidyAmt": "0.00",
			"mbrResponsibilityAmt": "0.00",
			"daysBeforeDueDt": "0",
			"billOverDueDays": "83"
		},
		"payDate": "02",
		"createdBy": "YRK723395852",
		"authMode": "WEB",
		"startDate": "2018-05-23",
		"recurringHealthCardId": "YRK723395852",
		"tokenID": "58938DB7BA4B30FB25D780BA1BC4F79B",
		"paymentType": "DebitCard",
		"firstName": "Gerald",
		"lastName": "Ali",
		"brand": "ANTHEM-WCSIN"
	},
	{
		"productID": "INHIPPL2",
		"pullIndicator": "N",
		"memberPayBillAcount": {
			"billDate": "2018-02-07",
			"dueDate": "2018-03-01",
			"minDue": "247.88",
			"totalDue": "247.88",
			"billFrequency": "12",
			"billCoveragePeriod": "2018-03-01 - 2018-03-31",
			"billFromDt": "2018-03-01",
			"billToDt": "2018-03-31",
			"billOverDueInd": "Yes",
			"coverageStatus": "ACTIVE",
			"sbrUid": "775682800",
			"classId": "CH05",
			"planId": "INHIPPL0",
			"type": "MEDICAID",
			"productDescription": "Medical Account 1G0Q00",
			"dateEffective": "2017-04-01",
			"dateTermination": "2199-12-31",
			"planName": "IN HIP Plus- Copay (Power Account)",
			"productId": "INHIPPL2",
			"medicareDiscount": "0.00",
			"federalSubsidyAmt": "0.00",
			"stateSubsidyAmt": "0.00",
			"mbrResponsibilityAmt": "0.00",
			"daysBeforeDueDt": "0",
			"billOverDueDays": "83"
		},
		"payDate": "01",
		"createdBy": "YRK723395853",
		"authMode": "WEB",
		"startDate": "2018-05-23",
		"recurringHealthCardId": "YRK723395853",
		"tokenID": "58938DB7BA4B30FB25D780BA1BC4F79B",
		"paymentType": "CreditCard",
		"firstName": "Davian",
		"lastName": "Bryant",
		"brand": "ANTHEM-WCSIN"
	},
	{
		"productID": "INHIPPL2",
		"pullIndicator": "N",
		"memberPayBillAcount": {
			"billDate": "2018-02-07",
			"dueDate": "2018-03-01",
			"minDue": "247.88",
			"totalDue": "247.88",
			"billFrequency": "12",
			"billCoveragePeriod": "2018-03-01 - 2018-03-31",
			"billFromDt": "2018-03-01",
			"billToDt": "2018-03-31",
			"billOverDueInd": "Yes",
			"coverageStatus": "ACTIVE",
			"sbrUid": "775682800",
			"classId": "CH05",
			"planId": "INHIPPL0",
			"type": "MEDICAID",
			"productDescription": "Vision Account 1G0Q00",
			"dateEffective": "2017-04-01",
			"dateTermination": "2199-12-31",
			"planName": "IN HIP Plus- Copay (Power Account)",
			"productId": "INHIPPL2",
			"medicareDiscount": "0.00",
			"federalSubsidyAmt": "0.00",
			"stateSubsidyAmt": "0.00",
			"mbrResponsibilityAmt": "0.00",
			"daysBeforeDueDt": "0",
			"billOverDueDays": "83"
		},
		"payDate": "06",
		"createdBy": "YRK723395854",
		"authMode": "WEB",
		"startDate": "2018-05-23",
		"recurringHealthCardId": "YRK723395854",
		"tokenID": "58938DB7BA4B30FB25D780BA1BC4F79B",
		"paymentType": "Banking",
		"firstName": "Deon",
		"lastName": "Moore",
		"brand": "ANTHEM-WCSIN"
	}]
}