{
    "message": {
        "messageCode": "0",
        "messageText": "Success"
    },
    "memberpaySubmitPayments": [
        {
            "childHealthCardId": "719942397",
            "planID": "KYMCDWP0",
            "paymentAmount": "8.27",
            "confirmationNumber": "201902053435929",
            "message": {
                "messageCode": "0",
                "messageText": "Success"
            },
            "status": "Success"
        }
    ],
    "successEmailLst": [
        ""
    ],
    "healthCardId": "719942397",
    "paymentMethodSaved": false,
    "paymentDate": "2019-02-05"
}