<?xml version="1.0" encoding="UTF-8" ?>
<!DOCTYPE log4j:configuration PUBLIC "-//APACHE//DTD LOG4J 1.2//EN" "log4j.dtd">
<log4j:configuration debug="true"
	xmlns:log4j='http://jakarta.apache.org/log4j/'>

	<appender name="file" class="org.apache.log4j.RollingFileAppender">
		<param name="append" value="true" />
		<param name="maxFileSize" value="10MB" />
		<param name="maxBackupIndex" value="25" />
		<param name="file"
			value="/wsapps/eox/deployment/logs/gbd/${eox.jvm.instance}_gbd_gateway.log" />
		<layout class="org.apache.log4j.PatternLayout">
			<param name="ConversionPattern" value="%d{yyyy-MM-dd HH:mm:ss} %-5p %c{1}:%L - %m%n" />
		</layout>
	</appender>

	<logger name="com.wellpoint" additivity="false">
		<appender-ref ref="file" />
	</logger>

	<root>
		<level value="ERROR" />
	</root>
	<category name="org.dozer">
		<priority value="OFF" />
	</category>

</log4j:configuration>