<beans xmlns="http://www.springframework.org/schema/beans"
	   xmlns:xsi="http://www.w3.org/2001/XMLSchema-instance"
	   xmlns:context="http://www.springframework.org/schema/context"
	   xmlns:int="http://www.springframework.org/schema/integration"
	   xmlns:ws="http://www.springframework.org/schema/integration/ws"
	   xmlns:oxm="http://www.springframework.org/schema/oxm"
	   xmlns:util="http://www.springframework.org/schema/util"
	   xmlns:task="http://www.springframework.org/schema/task"
	   xsi:schemaLocation="http://www.springframework.org/schema/beans http://www.springframework.org/schema/beans/spring-beans.xsd
  						http://www.springframework.org/schema/context http://www.springframework.org/schema/context/spring-context.xsd
  						http://www.springframework.org/schema/integration http://www.springframework.org/schema/integration/spring-integration.xsd
  						http://www.springframework.org/schema/integration/ws http://www.springframework.org/schema/integration/ws/spring-integration-ws.xsd
  						http://www.springframework.org/schema/oxm http://www.springframework.org/schema/oxm/spring-oxm.xsd
  						http://www.springframework.org/schema/util http://www.springframework.org/schema/util/spring-util.xsd
  						http://www.springframework.org/schema/task http://www.springframework.org/schema/task/spring-task.xsd">

	<oxm:jaxb2-marshaller id="chubMarshaller">
		<oxm:class-to-be-bound name="org.eox.medsupp.chub.service.ObjectFactory" />
	</oxm:jaxb2-marshaller>

	<int:channel id="updatePaperBillRequestChannel"/>
	<int:channel id="updatePaperBillResponseChannel"/>
	<int:channel id="getMbrContactMethodRequestChannel"/>
	<int:channel id="getMbrContactMethodResponseChannel"/>
	
	<bean id="soapMessageFactory" class="org.springframework.ws.soap.saaj.SaajSoapMessageFactory" />
	
	<int:chain input-channel="updatePaperBillRequestChannel" output-channel="updatePaperBillResponseChannel">
		<int:transformer ref="chubTransformer" method="createUpdateMbrContactMethodRequest"/>
		<ws:outbound-gateway uri="${medicarepay.setting.chub.updatembrcontactmethod.endpoint}"
			message-sender="httpSender" marshaller="chubMarshaller"
			message-factory="soapMessageFactory" interceptors="chubServiceInterceptors" />
		<int:transformer ref="chubTransformer" method="processUpdateMbrContactMethodResponse" />
	</int:chain>
	
	<int:chain input-channel="getMbrContactMethodRequestChannel" output-channel="getMbrContactMethodResponseChannel">
		<int:transformer ref="chubTransformer" method="createGetMbrContactMethodRequest"/>
		<ws:outbound-gateway uri="${medicarepay.setting.chub.getmbrcontactmethod.endpoint}"
			message-sender="httpSender" marshaller="chubMarshaller"
			message-factory="soapMessageFactory" interceptors="chubServiceInterceptors" />
		<int:transformer ref="chubTransformer" method="processGetMbrContactMethodResponse" />
	</int:chain>
	
	
	<util:list id="chubServiceInterceptors">
		<ref bean="chubServiceSecurity" />
		<ref bean="chubContextInterceptor" />
		<ref bean="wsTracingInterceptor" />
	</util:list>
	
	<bean id="chubServiceSecurity"
		class="org.springframework.ws.soap.security.wss4j.Wss4jSecurityInterceptor">
		<property name="securementActions" value="UsernameToken" />
		<property name="securementUsername" value="${medicarepay.setting.chub.security.username}"/>
		<property name="securementPassword" value="${medicarepay.setting.chub.security.password}" />
		<property name="securementPasswordType" value="PasswordText" />
		<property name="securementUsernameTokenElements" value="Nonce Created" />
	</bean>
	
	<bean id="httpSender"
		class="org.springframework.ws.transport.http.CommonsHttpMessageSender">
		<property name="connectionTimeout" value="12000" />
		<property name="readTimeout" value="12000" />
		<property name="httpClient" ref="httpClientWebService" />
	</bean>
	
	<bean id="httpClientWebService" class="org.apache.commons.httpclient.HttpClient">
		<constructor-arg ref="httpClientParamsWebService" />
		<constructor-arg ref="httpConnectionManager" />
	</bean>

	<bean id="httpClientParamsWebService" class="org.apache.commons.httpclient.params.HttpClientParams" />

	<bean id="httpConnectionManager"
		class="org.apache.commons.httpclient.MultiThreadedHttpConnectionManager">
		<property name="params" ref="httpConnectionManagerParams" />
	</bean>
	
	<bean id="httpConnectionManagerParams"
		class="org.apache.commons.httpclient.params.HttpConnectionManagerParams">
		<property name="connectionTimeout" value="${medicarepay.setting.spring.integration.socket.timeout.value.milliseconds}" />
		<property name="soTimeout" value="${medicarepay.setting.spring.integration.socket.timeout.value.milliseconds}" />
		<property name="defaultMaxConnectionsPerHost" value="${medicarepay.setting.spring.integration.defaultmaxconnectionsperhost.value}"/>
		<property name="maxTotalConnections" value="500" />
	</bean>
</beans>