<beans xmlns="http://www.springframework.org/schema/beans"
	   xmlns:xsi="http://www.w3.org/2001/XMLSchema-instance"
	   xmlns:context="http://www.springframework.org/schema/context"
	   xmlns:int="http://www.springframework.org/schema/integration"
	   xmlns:ws="http://www.springframework.org/schema/integration/ws"
	   xmlns:oxm="http://www.springframework.org/schema/oxm"
	   xmlns:util="http://www.springframework.org/schema/util"
	   xmlns:task="http://www.springframework.org/schema/task"
	   xmlns:aop="http://www.springframework.org/schema/aop"
	   xsi:schemaLocation="http://www.springframework.org/schema/beans http://www.springframework.org/schema/beans/spring-beans.xsd
  						http://www.springframework.org/schema/context http://www.springframework.org/schema/context/spring-context.xsd
  						http://www.springframework.org/schema/integration http://www.springframework.org/schema/integration/spring-integration.xsd
  						http://www.springframework.org/schema/integration/ws http://www.springframework.org/schema/integration/ws/spring-integration-ws.xsd
  						http://www.springframework.org/schema/oxm http://www.springframework.org/schema/oxm/spring-oxm.xsd
  						http://www.springframework.org/schema/util http://www.springframework.org/schema/util/spring-util.xsd
  						http://www.springframework.org/schema/task http://www.springframework.org/schema/task/spring-task.xsd
  						http://www.springframework.org/schema/aop http://www.springframework.org/schema/aop/spring-aop.xsd">
  
    <int:gateway id="medicarePayGateway" service-interface="org.eox.medsupp.jar.payment.gateway.MedicarePayGateway"/>
  
   <task:executor id="loggingTaskExecutor" pool-size="${medicarepay.setting.spring.integration.logging.poolsize.value}"
               queue-capacity="${medicarepay.setting.spring.integration.logging.queuecapacity.value}" 
       rejection-policy="CALLER_RUNS" keep-alive="${medicarepay.setting.spring.integration.socket.timeout.value.milliseconds}"/>
       
	<int:channel id="saveTptInChannel">
		<int:dispatcher task-executor="loggingTaskExecutor" failover="false"/>
	</int:channel>
	      
	<int:service-activator input-channel="saveTptInChannel" ref="medicareLoggingDaoImpl" method="saveTPTServiceLog"/>
	
	<int:channel id="savePaymentMethodInChannel">
		<int:dispatcher task-executor="loggingTaskExecutor" failover="false"/>
	</int:channel>
	      
	<int:service-activator input-channel="savePaymentMethodInChannel" ref="medicareLoggingDaoImpl" method="savePaymentMethodLog"/>
	
	<int:channel id="savePaymentDetailsInChannel">
		<int:dispatcher task-executor="loggingTaskExecutor" failover="false"/>
	</int:channel>
	      
	<int:service-activator input-channel="savePaymentDetailsInChannel" ref="medicareLoggingDaoImpl" method="savePaymentDetailsLog"/>
	
	<int:channel id="getMemberProfileInChannel">
		<int:dispatcher task-executor="loggingTaskExecutor" failover="false"/>
	</int:channel>
	<int:channel id="getMemberProfileOutChannel"/>  
       
    <int:service-activator input-channel="getMemberProfileInChannel"
	output-channel="getMemberProfileOutChannel" ref="aciRestUtils"
	method="getMemberProfile"/>
	
	<int:channel id="getMemberProfileAsyncInChannel">
		<int:dispatcher task-executor="loggingTaskExecutor" failover="false"/>
	</int:channel>
	<int:channel id="getMemberProfileAsyncOutChannel"/>  
       
    <int:service-activator input-channel="getMemberProfileAsyncInChannel"
	output-channel="getMemberProfileAsyncOutChannel" ref="aciRestUtils"
	method="getMemberProfileAsync"/>
	
	<int:channel id="getPaymentHistoryMemberProfileInChannel">
		<int:dispatcher task-executor="loggingTaskExecutor" failover="false"/>
	</int:channel>
	<int:channel id="getPaymentHistoryMemberProfileOutChannel"/>  
       
    <int:service-activator input-channel="getPaymentHistoryMemberProfileInChannel"
	output-channel="getPaymentHistoryMemberProfileOutChannel" ref="aciRestUtils"
	method="getMemberEligibilityProfile"/>
	
	<int:channel id="getBillsSummaryInChannel">
		<int:dispatcher task-executor="loggingTaskExecutor" failover="false"/>
	</int:channel>
	<int:channel id="getBillsSummaryOutChannel"/>  
       
    <int:service-activator input-channel="getBillsSummaryInChannel"
	output-channel="getBillsSummaryOutChannel" ref="aciRestUtils"
	method="getBillsSummary"/>
	
  	<bean id="medicarePayAspect" class="org.eox.medsupp.war.payment.aspect.MedicarePayAspect" />
		
	<int:channel id="sendPaySuccessSOAMailInChannel">
		<int:dispatcher task-executor="loggingTaskExecutor" failover="false"/>
	</int:channel>
	      
	<int:service-activator input-channel="sendPaySuccessSOAMailInChannel" ref="aciRestUtils" method="constructPaySuccessMailParams"/>
	
	<int:channel id="sendFailedPayMailInChannel">
		<int:dispatcher task-executor="loggingTaskExecutor" failover="false"/>
	</int:channel>
	
	<int:service-activator input-channel="sendFailedPayMailInChannel" ref="aciRestUtils" method="constructFailedPayMailParams"/>
	
	<int:channel id="triggerPayModSubmitPaymentsReqChannel"/>
    <int:channel id="triggerPayModSubmitPaymentsResChannel"/>
    <int:service-activator input-channel="triggerPayModSubmitPaymentsReqChannel"
		output-channel="triggerPayModSubmitPaymentsResChannel" ref="aciRestUtils" method="triggerPayModSubmitPayments" />
	
	<int:channel id="sendPaymentSMCMailInChannel">
		<int:dispatcher task-executor="loggingTaskExecutor" failover="false"/>
	</int:channel>
	      
	<int:service-activator input-channel="sendPaymentSMCMailInChannel" ref="aciRestUtils" method="sendPaymentSMCMail"/>
	
</beans>