<beans xmlns="http://www.springframework.org/schema/beans"
	   xmlns:xsi="http://www.w3.org/2001/XMLSchema-instance"
	   xmlns:context="http://www.springframework.org/schema/context"
	   xmlns:int="http://www.springframework.org/schema/integration"
	   xmlns:ws="http://www.springframework.org/schema/integration/ws"
	   xmlns:oxm="http://www.springframework.org/schema/oxm"
	   xmlns:util="http://www.springframework.org/schema/util"
	   xmlns:task="http://www.springframework.org/schema/task"
	   xsi:schemaLocation="http://www.springframework.org/schema/beans http://www.springframework.org/schema/beans/spring-beans.xsd
  						http://www.springframework.org/schema/context http://www.springframework.org/schema/context/spring-context.xsd
  						http://www.springframework.org/schema/integration http://www.springframework.org/schema/integration/spring-integration.xsd
  						http://www.springframework.org/schema/integration/ws http://www.springframework.org/schema/integration/ws/spring-integration-ws.xsd
  						http://www.springframework.org/schema/oxm http://www.springframework.org/schema/oxm/spring-oxm.xsd
  						http://www.springframework.org/schema/util http://www.springframework.org/schema/util/spring-util.xsd
  						http://www.springframework.org/schema/task http://www.springframework.org/schema/task/spring-task.xsd">

     <oxm:jaxb2-marshaller id="transcentraMarshaller">
		<oxm:class-to-be-bound name="org.eox.medsupp.transcentra.service.ObjectFactory" />
	 </oxm:jaxb2-marshaller>
	 
	 <task:executor id="pdfTaskExecutor" pool-size="${medicarepay.setting.spring.integration.pdf.poolsize.value}"
               queue-capacity="${medicarepay.setting.spring.integration.pdf.queuecapacity.value}" 
       rejection-policy="CALLER_RUNS" keep-alive="${medicarepay.setting.spring.integration.keepalive.value.milliseconds}"/>
	 
	<int:channel id="pdfAvailabilitySplitterChannel"/>
	<int:channel id="pdfAvailabilityAggregateChannel"/>
	<int:channel id="getIndividualPdfAvailabiltyChannel">
	  	<int:dispatcher task-executor="pdfTaskExecutor" failover="false"/>
	</int:channel>
	<int:channel id="pdfAvailabiltyBindResponseChannel"/>
	<int:channel id="pdfAvailabilityForSingleBillRequestChannel"/>
	<int:channel id="pdfAvailabilityForSingleBillRouterChannel"/>
	<int:channel id="searchDocumentsChannel"/>
	<int:channel id="getDocumentsRequestChannel"/>
	<int:channel id="pdfAvailabilityForSingleBillResponseChannel"/> 
	<int:channel id="searchTranscentraBillRequestChannel"/>
	<int:channel id="searchTranscentraBillResponseChannel"/>
	
     <int:splitter input-channel="pdfAvailabilitySplitterChannel" output-channel="getIndividualPdfAvailabiltyChannel" 
     ref="billDetailsSplitter" method="splitBillDetailsForPdf"/>
     
     <int:service-activator input-channel="getIndividualPdfAvailabiltyChannel" output-channel="pdfAvailabiltyBindResponseChannel" 
		ref="aciRestUtils" method="findPdfAvailabiltyForBillAccount"/>
		
		 <int:aggregator input-channel="pdfAvailabiltyBindResponseChannel" method="aggregateBillDetailsForPdf"
		ref="billDetailsAggregator" output-channel="pdfAvailabilityAggregateChannel"/>
	
	
	<int:service-activator input-channel="pdfAvailabilityForSingleBillRequestChannel" output-channel="pdfAvailabilityForSingleBillResponseChannel" method="findPdfSource" ref="aciRestUtils"/>
	
	<int:chain input-channel="searchTranscentraBillRequestChannel" output-channel="searchTranscentraBillResponseChannel">
		<int:transformer ref="transcentraTransformer" method="createSearchDocumentRequest"/>
		<ws:outbound-gateway uri="${medicarepay.setting.transcentra.document.endpoint}"
			message-sender="transcentraHttpSender" marshaller="transcentraMarshaller"
			message-factory="soapMessageFactory" interceptors="transcentraServiceInterceptors" />
		<int:transformer ref="transcentraTransformer" method="processSearchDocumentsResponse" />
	</int:chain>
	
	<bean id="transcentraHttpSender"
		class="org.springframework.ws.transport.http.CommonsHttpMessageSender">
		<property name="connectionTimeout" value="${medicarepay.setting.transcentra.connection.timeout}" />
		<property name="readTimeout" value="${medicarepay.setting.transcentra.read.timeout}" />
		<property name="httpClient" ref="transcentraHttpClientWebService" />
	</bean>
	
	<bean id="transcentraHttpClientWebService" class="org.apache.commons.httpclient.HttpClient">
		<constructor-arg ref="transcentraHttpClientParamsWebService" />
		<constructor-arg ref="transcentraHttpConnectionManager" />
	</bean>

	<bean id="transcentraHttpClientParamsWebService" class="org.apache.commons.httpclient.params.HttpClientParams" />

	<bean id="transcentraHttpConnectionManager"
		class="org.apache.commons.httpclient.MultiThreadedHttpConnectionManager">
		<property name="params" ref="transcentraHttpConnectionManagerParams" />
	</bean>
	
	<bean id="transcentraHttpConnectionManagerParams"
		class="org.apache.commons.httpclient.params.HttpConnectionManagerParams">
		<property name="connectionTimeout" value="${medicarepay.setting.spring.integration.transcentra.socket.timeout.value.milliseconds}" />
		<property name="soTimeout" value="${medicarepay.setting.spring.integration.transcentra.socket.timeout.value.milliseconds}" />
		<property name="defaultMaxConnectionsPerHost" value="${medicarepay.setting.spring.integration.defaultmaxconnectionsperhost.value}"/>
		<property name="maxTotalConnections" value="500" />
	</bean>
	
	
	<!-- 
	<int:chain input-channel="pdfAvailabilityForSingleBillRequestChannel" output-channel="searchDocumentsChannel">
		<int:transformer method="findPdfSource" ref="aciRestUtils"/>
	</int:chain> 
	
	<int:chain input-channel="searchDocumentsChannel" output-channel="pdfAvailabilityForSingleBillResponseChannel">
		<int:transformer ref="transcentraTransformer" method="createSearchDocumentRequest"/>
		<ws:outbound-gateway uri="${medicarepay.setting.transcentra.document.endpoint}"
			message-sender="transcentraHttpSender" marshaller="transcentraMarshaller"
			message-factory="soapMessageFactory" interceptors="transcentraServiceInterceptors" />
		<int:transformer ref="transcentraTransformer" method="processSearchDocumentsResponse" />
	</int:chain>  -->
	
	<int:chain input-channel="getDocumentsRequestChannel" >
		<int:transformer ref="transcentraTransformer" method="createGetDocumentsRequest" />
		<ws:outbound-gateway uri="${medicarepay.setting.transcentra.document.endpoint}"
			message-sender="transcentraHttpSender" marshaller="transcentraMarshaller"
			message-factory="soapMessageFactory" interceptors="transcentraServiceInterceptors" />
		<int:transformer ref="transcentraTransformer" method="processGetDocumentsResponse" />
	</int:chain>
	
	<bean id="transcentraServiceSecurity"
		class="org.springframework.ws.soap.security.wss4j.Wss4jSecurityInterceptor">
		<property name="securementActions" value="UsernameToken" />
		<property name="securementUsername" value="${medicarepay.setting.transcentra.security.username}"/>
		<property name="securementPassword" value="${medicarepay.setting.transcentra.security.password}" />
		<property name="securementPasswordType" value="PasswordText" />
		<property name="securementUsernameTokenElements" value="Nonce Created" />
	</bean>
	
	<util:list id="transcentraServiceInterceptors">
		<ref bean="transcentraServiceSecurity"/>
		<ref bean="transcentraHeaderInterceptor"/>
		<ref bean="wsTracingInterceptor"/>
	</util:list>
	
	<bean id="velocityEngine"
 class="org.springframework.ui.velocity.VelocityEngineFactoryBean">
    <property name="velocityProperties">
        <props>
            <prop key="resource.loader">class</prop>
            <prop key="class.resource.loader.class">
                org.apache.velocity.runtime.resource.loader.ClasspathResourceLoader
            </prop>
        </props>
    </property>
</bean>

<!-- View Bill PDF Starts -->
	<int:channel id="getViewBillRequestChannel"/>
	<int:channel id="getViewBillResponseChannel"/>
	
	<int:service-activator input-channel="getViewBillRequestChannel" output-channel="getViewBillResponseChannel" method="getTranscentraBill" ref="aciRestUtils"/>
	
	<int:channel id="getTranscentraBillRequestChannel"/>
	<int:channel id="getTranscentraBillResponseChannel"/>
	<int:channel id="getTranscentraBillSplitterChannel"/>
	<int:channel id="getTranscentraBillRouterChannel"/>
	<int:channel id="getDocumentsChannel"/>
	<int:channel id="aggregatorChannel"/>
	<int:channel id="searchDocResponseRouterChannel"/>
	<int:channel id="searchDocResNoDocumentChannel"/>
	
	<int:chain input-channel="getTranscentraBillRequestChannel" output-channel="searchDocResponseRouterChannel">
		<int:header-enricher>
	        <int:header name="docValue" ref="medicarePayUtils" method="getDocValue"/>
	    </int:header-enricher>
		<int:transformer ref="transcentraTransformer" method="createSearchDocumentRequest"/>
		<ws:outbound-gateway uri="${medicarepay.setting.transcentra.document.endpoint}"
			message-sender="transcentraHttpSender" marshaller="transcentraMarshaller"
			message-factory="soapMessageFactory" interceptors="transcentraServiceInterceptors" />
		<int:transformer ref="transcentraTransformer" method="processSearchDocumentsResponse" />
	</int:chain>
	
	<int:recipient-list-router input-channel="searchDocResponseRouterChannel">
	    <int:recipient channel="getTranscentraBillSplitterChannel" selector-expression="payload.documentId != null"/>
	    <int:recipient channel="searchDocResNoDocumentChannel" selector-expression="payload.documentId == null"/>
	</int:recipient-list-router>
	
	 <int:service-activator input-channel="searchDocResNoDocumentChannel"
	output-channel="getTranscentraBillResponseChannel" ref="aciRestUtils"
	method="sendNoDocResponse"/>
		
	<int:splitter input-channel="getTranscentraBillSplitterChannel" output-channel="getTranscentraBillRouterChannel" ref="transcentraRequestSplitter" />
	
	<int:payload-type-router input-channel="getTranscentraBillRouterChannel">
	  <int:mapping type="org.eox.medsupp.schema.domain.transcentra.GetDocumentsServiceRequest" channel="getDocumentsChannel" />
	</int:payload-type-router>
	
	<int:service-activator id="getDocumentsActivator" ref="getDocumentsGateway"
		input-channel="getDocumentsChannel" output-channel="getTranscentraBillResponseChannel" />
	
	<int:gateway id="getDocumentsGateway" default-request-channel="getDocumentsRequestChannel"/>
	
	<!-- View Bill PDF Ends -->
	
	<!-- Async call payment history view PDF starts -->
	<int:channel id="pdfSplitterChannel"/>
	<int:channel id="pdfAggregateChannel"/>
	<int:channel id="getIndividualPdfChannel">
	  	<int:dispatcher task-executor="pdfTaskExecutor" failover="false"/>
	</int:channel>
	<int:channel id="pdfBindResponseChannel"/>
	<int:splitter input-channel="pdfSplitterChannel" output-channel="getIndividualPdfChannel" 
     ref="medicareBillAccountSplitter" method="splitBillAccountForPdf"/>
     
    <int:service-activator input-channel="getIndividualPdfChannel" output-channel="pdfBindResponseChannel" 
	ref="aciRestUtils" method="findPdfForBillAccount"/>
	
	 <int:aggregator input-channel="pdfBindResponseChannel" method="aggregateBillAccountForPdf"
	ref="medicareBillAccountAggregator" output-channel="pdfAggregateChannel"/>
	
   <!-- Async call payment history view PDF ends -->
	
</beans>