<?xml version="1.0" encoding="UTF-8"?>
<xmi:XMI xmi:version="2.0" xmlns:xmi="http://www.omg.org/XMI" 
xmlns:libraries="http://www.ibm.com/websphere/appserver/schemas/5.0/libraries.xmi">
<libraries:Library xmi:version="2.0" xmlns:xmi="http://www.omg.org/XMI" xmlns:libraries="http://www.ibm.com/websphere/appserver/schemas/5.0/libraries.xmi" 
xmi:id="Library_1604667563355" name="GBD_Login_Services_Shared_Lib" description="Shared library for GBD Login Web Service">	    
	<classPath>/wsapps/eox/deployment/shared/lib/pport-member/activation-1.1.1.jar</classPath>
	<classPath>/wsapps/eox/deployment/shared/lib/pport-member/aopalliance-1.0.jar</classPath>
	<classPath>/wsapps/eox/deployment/shared/lib/pport-member/aspectjrt-1.6.11.jar</classPath>
	<classPath>/wsapps/eox/deployment/shared/lib/pport-member/aspectjweaver-1.6.11.jar</classPath>
	<classPath>/wsapps/eox/deployment/shared/lib/pport-member/commons-beanutils-1.9.1.jar</classPath>
	<classPath>/wsapps/eox/deployment/shared/lib/pport-member/commons-codec-1.6.jar</classPath>
	<classPath>/wsapps/eox/deployment/shared/lib/pport-member/commons-collections-3.2.1.jar</classPath>
	<classPath>/wsapps/eox/deployment/shared/lib/pport-member/commons-httpclient-3.1.jar</classPath>
	<classPath>/wsapps/eox/deployment/shared/lib/pport-member/commons-lang-2.5.jar</classPath>
	<classPath>/wsapps/eox/deployment/shared/lib/pport-member/commons-lang3-3.2.1.jar</classPath>
	<classPath>/wsapps/eox/deployment/shared/lib/pport-member/commons-logging-1.1.3.jar</classPath>
	<classPath>/wsapps/eox/deployment/shared/lib/pport-member/dozer-5.3.2.jar</classPath>
	<classPath>/wsapps/eox/deployment/shared/lib/pport-member/gson-2.3.jar</classPath>
	<classPath>/wsapps/eox/deployment/shared/lib/pport-member/jackson-core-asl-1.9.13.jar</classPath>
	<classPath>/wsapps/eox/deployment/shared/lib/pport-member/jackson-mapper-asl-1.9.13.jar</classPath>
	<classPath>/wsapps/eox/deployment/shared/lib/pport-member/jasypt-1.9.0.jar</classPath>
	<classPath>/wsapps/eox/deployment/shared/lib/pport-member/log4j-1.2.17.jar</classPath>
	<classPath>/wsapps/eox/deployment/shared/lib/pport-member/mail-1.4.5.jar</classPath>
	<classPath>/wsapps/eox/deployment/shared/lib/pport-member/oro-2.0.8.jar</classPath>
	<classPath>/wsapps/eox/deployment/shared/lib/pport-member/serializer-2.7.1.jar</classPath>
	<classPath>/wsapps/eox/deployment/shared/lib/pport-member/slf4j-api-1.7.12.jar</classPath>
	<classPath>/wsapps/eox/deployment/shared/lib/pport-member/slf4j-log4j12-1.7.12.jar</classPath>
	<classPath>/wsapps/eox/deployment/shared/lib/pport-member/smack-3.1.0.jar</classPath>
	<classPath>/wsapps/eox/deployment/shared/lib/pport-member/spring-aop-4.0.9.RELEASE.jar</classPath>
	<classPath>/wsapps/eox/deployment/shared/lib/pport-member/spring-beans-4.0.9.RELEASE.jar</classPath>
	<classPath>/wsapps/eox/deployment/shared/lib/pport-member/spring-context-4.0.9.RELEASE.jar</classPath>
	<classPath>/wsapps/eox/deployment/shared/lib/pport-member/spring-context-support-4.0.9.RELEASE.jar</classPath>
	<classPath>/wsapps/eox/deployment/shared/lib/pport-member/spring-core-4.0.9.RELEASE.jar</classPath>
	<classPath>/wsapps/eox/deployment/shared/lib/pport-member/spring-expression-4.0.9.RELEASE.jar</classPath>
	<classPath>/wsapps/eox/deployment/shared/lib/pport-member/integration-service/spring-integration-core-3.0.7.RELEASE.jar</classPath>
	<classPath>/wsapps/eox/deployment/shared/lib/pport-member/integration-service/spring-integration-ws-3.0.7.RELEASE.jar</classPath>
	<classPath>/wsapps/eox/deployment/shared/lib/pport-member/spring-jms-4.0.9.RELEASE.jar</classPath>
	<classPath>/wsapps/eox/deployment/shared/lib/pport-member/spring-oxm-4.0.9.RELEASE.jar</classPath>
	<classPath>/wsapps/eox/deployment/shared/lib/pport-member/spring-retry-1.0.3.RELEASE.jar</classPath>
	<classPath>/wsapps/eox/deployment/shared/lib/pport-member/spring-security-core-3.0.2.RELEASE.jar</classPath>
	<classPath>/wsapps/eox/deployment/shared/lib/pport-member/spring-tx-4.0.9.RELEASE.jar</classPath>
	<classPath>/wsapps/eox/deployment/shared/lib/pport-member/spring-web-4.0.9.RELEASE.jar</classPath>
	<classPath>/wsapps/eox/deployment/shared/lib/pport-member/spring-webmvc-4.0.9.RELEASE.jar</classPath>
	<classPath>/wsapps/eox/deployment/shared/lib/pport-member/spring-ws-core-2.0.0.RELEASE.jar</classPath>
	<classPath>/wsapps/eox/deployment/shared/lib/pport-member/spring-ws-security-2.0.0.RELEASE.jar</classPath>
	<classPath>/wsapps/eox/deployment/shared/lib/pport-member/spring-ws-support-2.0.0.RELEASE.jar</classPath>
	<classPath>/wsapps/eox/deployment/shared/lib/pport-member/spring-xml-2.0.0.RELEASE.jar</classPath>
	<classPath>/wsapps/eox/deployment/shared/lib/pport-member/stax-api-1.0-2.jar</classPath>
	<classPath>/wsapps/eox/deployment/shared/lib/pport-member/velocity-1.6.2.jar</classPath>
	<classPath>/wsapps/eox/deployment/shared/lib/pport-member/wsdl4j-1.6.1.jar</classPath>
	<classPath>/wsapps/eox/deployment/shared/lib/pport-member/wss4j-1.5.8.jar</classPath>
	<classPath>/wsapps/eox/deployment/shared/lib/pport-member/xalan-2.7.1.jar</classPath>
	<classPath>/wsapps/eox/deployment/shared/lib/pport-member/xmlsec-1.4.3.jar</classPath>
	<classPath>/wsapps/eox/deployment/shared/lib/pport-member/xws-security-3.0.jar</classPath>
	<classPath>/wsapps/eox/deployment/shared/lib/pport-member/xstream-1.4.7.jar</classPath>
	<classPath>/wsapps/eox/deployment/shared/lib/pport-member/antlr-2.7.7.jar</classPath>
	<classPath>/wsapps/eox/deployment/shared/lib/pport-member/asm-3.3.1.jar</classPath>
	<classPath>/wsapps/eox/deployment/shared/lib/pport-member/cglib-2.2.2.jar</classPath>
	<classPath>/wsapps/eox/deployment/shared/lib/pport-member/codegen-0.6.1.jar</classPath>
	<classPath>/wsapps/eox/deployment/shared/lib/pport-member/dom4j-1.6.1.jar</classPath>
	<classPath>/wsapps/eox/deployment/shared/lib/pport-member/ecj-3.7.2.jar</classPath>
	<classPath>/wsapps/eox/deployment/shared/lib/pport-member/guava-13.0.1.jar</classPath>
	<classPath>/wsapps/eox/deployment/shared/lib/pport-member/guava-15.0.jar</classPath>
	<classPath>/wsapps/eox/deployment/shared/lib/pport-member/hystrix-core-1.5.2.jar</classPath>
	<classPath>/wsapps/eox/deployment/shared/lib/pport-member/hibernate-commons-annotations-4.0.2.Final.jar</classPath>
	<classPath>/wsapps/eox/deployment/shared/lib/pport-member/hibernate-core-4.2.8.Final.jar</classPath>
	<classPath>/wsapps/eox/deployment/shared/lib/pport-member/hibernate-entitymanager-4.2.8.Final.jar</classPath>
	<classPath>/wsapps/eox/deployment/shared/lib/pport-member/hibernate-jpa-2.0-api-1.0.1.Final.jar</classPath>
	<classPath>/wsapps/eox/deployment/shared/lib/pport-member/javassist-3.18.1-GA.jar</classPath>
	<classPath>/wsapps/eox/deployment/shared/lib/pport-member/javax.inject-1.jar</classPath>
	<classPath>/wsapps/eox/deployment/shared/lib/pport-member/jboss-logging-3.1.0.GA.jar</classPath>
	<classPath>/wsapps/eox/deployment/shared/lib/pport-member/jboss-transaction-api_1.1_spec-1.0.1.Final.jar</classPath>
	<classPath>/wsapps/eox/deployment/shared/lib/pport-member/jsr305-1.3.9.jar</classPath>
	<classPath>/wsapps/eox/deployment/shared/lib/pport-member/mysema-commons-lang-0.2.4.jar</classPath>
	<classPath>/wsapps/eox/deployment/shared/lib/pport-member/querydsl-apt-3.3.2.jar</classPath>
	<classPath>/wsapps/eox/deployment/shared/lib/pport-member/querydsl-codegen-3.3.2.jar</classPath>
	<classPath>/wsapps/eox/deployment/shared/lib/pport-member/querydsl-core-3.3.2.jar</classPath>
	<classPath>/wsapps/eox/deployment/shared/lib/pport-member/querydsl-jpa-3.3.2.jar</classPath>
	<classPath>/wsapps/eox/deployment/shared/lib/pport-member/spring-data-commons-1.6.3.RELEASE.jar</classPath>
	<classPath>/wsapps/eox/deployment/shared/lib/pport-member/spring-data-jpa-1.4.3.RELEASE.jar</classPath>
	<classPath>/wsapps/eox/deployment/shared/lib/pport-member/spring-jdbc-4.0.9.RELEASE.jar</classPath>
	<classPath>/wsapps/eox/deployment/shared/lib/pport-member/spring-orm-4.0.9.RELEASE.jar</classPath>
	<classPath>/wsapps/eox/deployment/shared/lib/pport-member/sqljdbc4-1.0.jar</classPath>
	<classPath>/wsapps/eox/deployment/shared/lib/pport-member/ehcache-core-2.6.9.jar</classPath>
	<classPath>/wsapps/eox/deployment/shared/lib/pport-member/hibernate-ehcache-4.2.8.Final.jar</classPath>
	<classPath>/wsapps/eox/deployment/shared/lib/pport-member/rxjava-1.1.0.jar</classPath>
	<classPath>/wsapps/eox/deployment/shared/lib/pport-member/commons-configuration-1.8.jar</classPath>
</libraries:Library>
<libraries:Library xmi:id="Library_1604667563378" name="GBD_HttpClient_Login_Service_Override" description="GBD_HttpClient_Login_Service_Override" isolatedClassLoader="true">
	<classPath>/wsapps/eox/deployment/shared/lib/pport-member/httpclient-4.3.jar</classPath>
	<classPath>/wsapps/eox/deployment/shared/lib/pport-member/httpcore-4.3.jar</classPath>
	<classPath>/wsapps/eox/deployment/shared/lib/pport-member/jackson-core-asl-1.9.13.jar</classPath>
	<classPath>/wsapps/eox/deployment/shared/lib/pport-member/jackson-mapper-asl-1.9.13.jar</classPath>
	<classPath>/wsapps/eox/deployment/shared/lib/pport-member/jackson-databind-2.5.3.jar</classPath>
	<classPath>/wsapps/eox/deployment/shared/lib/pport-member/jackson-annotations-2.5.3.jar</classPath>
	<classPath>/wsapps/eox/deployment/shared/lib/pport-member/jackson-core-2.5.3.jar</classPath>
    <classPath>/wsapps/eox/deployment/shared/lib/pport-member/joda-time-2.9.7.jar</classPath>
</libraries:Library>
</xmi:XMI>
