Transaction Division,Order Number,MOP,Safetech Token,Response Code,ACI Token
0000355958,0000001,VI,478825YEDCBX1443   ,104,51A8E5098851A68D313FD6A6CF2A940A
0000355958,0000002,VI,478825YEDCBX1443   ,104,79504541E4D6680BAB578CEB298ED28D
0000355958,0000003,MC,,201,73F82E72515EEF1C2DD69E6210F75DD8
0000355958,0000004,MC,,201,D0A0F51DE62D213F1C727398D99E2C69
0000355958,0000005,MC,,201,C1F286F994885E0ECD8C513814526BD9
0000355958,0000006,MC,,201,E06CE51DEB1AD49A808C53EF35E8523A
0000355958,0000007,VI,478825YEDCBX1443   ,104,39EF742924EFA4904BF869EC8D45DC62
,,,,,
