<assembly xmlns="http://maven.apache.org/plugins/maven-assembly-plugin/assembly/1.1.0" 
  xmlns:xsi="http://www.w3.org/2001/XMLSchema-instance"
  xsi:schemaLocation="http://maven.apache.org/plugins/maven-assembly-plugin/assembly/1.1.0 http://maven.apache.org/xsd/assembly-1.1.0.xsd">

	<id>bodm-assembly</id>
	<formats>
		<format>zip</format>
	</formats>
  	<fileSets>
  		<fileSet>
  			<directory>./target</directory>
  			<outputDirectory>/</outputDirectory>
   			<includes>
   				<include>SLAMAssemblyManifest.txt</include>
			</includes>
  		</fileSet>

		<!-- LOCAL -->
    	<fileSet>
			<directory>../gbd-gateway-ear/target/LOCAL</directory>
      		<outputDirectory>/LOCAL/JEE</outputDirectory>
	      	<includes>
	        	<include>*.ear</include>
	      	</includes>
    	</fileSet>
    </fileSets>
</assembly>
