{
    "healthCardId": "722896265",
    "memberpayRecurringPayments": [
        {
            "productID": "KYHLTH01",
            "pullIndicator": "N",
            "memberPayBillAcount": {
                "billDate": "2018-06-15",
                "dueDate": "2018-07-01",
                "minDue": "0.00",
                "totalDue": "0.00",
                "billFrequency": "12",
                "billCoveragePeriod": "2018-07-01 - 2018-07-31",
                "billFromDt": "2018-07-01",
                "billToDt": "2018-07-31",
                "billOverDueInd": "No",
                "coverageStatus": "ACTIVE",
                "sbrUid": "694234950",
                "classId": "CD04",
                "planId": "KYHEMFAI",
                "type": "MEDICAID",
                "productDescription": "KY HEALTH (MEMBER PREMIUM)",
                "dateEffective": "2018-07-01",
                "dateTermination": "2019-09-30",
                "planName": "KY HEALTH (MEMBER PREMIUM)",
                "productId": "KYHLTH01",
                "medicareDiscount": "0.00",
                "federalSubsidyAmt": "0.00",
                "stateSubsidyAmt": "0.00",
                "mbrResponsibilityAmt": "0.00",
                "daysBeforeDueDt": "0",
                "billOverDueDays": "191",
                "billEntityNumber":"BEN001"
            },
            "payDate": "03",
            "createdBy": "gDIrvakLP",
            "authMode": "WEB",
            "startDate": "2018-07-12",
            "recurringHealthCardId": "722896265",
            "tokenID": "401C95992B3H",
            "paymentType": "BankAccount",
            "firstName": "Marvin",
            "lastName": "Curry",
            "autoPayStartDate": "07/12/2018",
            "autoPayEndDate": "07/12/2019"
        }
    ]
}