<?xml version="1.0" encoding="UTF-8"?>
<xmi:XMI xmi:version="2.0" xmlns:xmi="http://www.omg.org/XMI" 
xmlns:libraries="http://www.ibm.com/websphere/appserver/schemas/5.0/libraries.xmi">
<libraries:Library xmi:version="2.0" xmlns:xmi="http://www.omg.org/XMI" xmlns:libraries="http://www.ibm.com/websphere/appserver/schemas/5.0/libraries.xmi" 
name="MedSupp_Springboot_Shared_Lib" description="Shared library for Payment Springboot Service">	    
	<classPath>/wsapps/eox/deployment/shared/lib/pp-springboot/archaius-core-0.7.4.jar</classPath>
	<classPath>/wsapps/eox/deployment/shared/lib/pp-springboot/asm-5.0.4.jar</classPath>
	<classPath>/wsapps/eox/deployment/shared/lib/pp-springboot/aspectjweaver-1.8.13.jar</classPath>
	<classPath>/wsapps/eox/deployment/shared/lib/pp-springboot/bcpkix-jdk15on-1.55.jar</classPath>
	<classPath>/wsapps/eox/deployment/shared/lib/pp-springboot/bcprov-jdk15on-1.55.jar</classPath>
	<classPath>/wsapps/eox/deployment/shared/lib/pp-springboot/classmate-1.3.4.jar</classPath>
	<classPath>/wsapps/eox/deployment/shared/lib/pp-springboot/commons-beanutils-1.9.3.jar</classPath>
	<classPath>/wsapps/eox/deployment/shared/lib/pp-springboot/commons-codec-1.10.jar</classPath>
	<classPath>/wsapps/eox/deployment/shared/lib/pp-springboot/commons-collections-3.2.2.jar</classPath>
	<classPath>/wsapps/eox/deployment/shared/lib/pp-springboot/commons-configuration-1.8.jar</classPath>
	<classPath>/wsapps/eox/deployment/shared/lib/pp-springboot/commons-lang-2.6.jar</classPath>
	<classPath>/wsapps/eox/deployment/shared/lib/pp-springboot/commons-lang3-3.2.1.jar</classPath>
	<classPath>/wsapps/eox/deployment/shared/lib/pp-springboot/dozer-5.5.1.jar</classPath>
	<classPath>/wsapps/eox/deployment/shared/lib/pp-springboot/guava-18.0.jar</classPath>
	<classPath>/wsapps/eox/deployment/shared/lib/pp-springboot/HdrHistogram-2.1.9.jar</classPath>
	<classPath>/wsapps/eox/deployment/shared/lib/pp-springboot/hibernate-validator-5.3.6.Final.jar</classPath>
	<classPath>/wsapps/eox/deployment/shared/lib/pp-springboot/httpclient-4.5.3.jar</classPath>
	<classPath>/wsapps/eox/deployment/shared/lib/pp-springboot/httpcore-4.4.8.jar</classPath>
	<classPath>/wsapps/eox/deployment/shared/lib/pp-springboot/hystrix-core-1.5.12.jar</classPath>
	<classPath>/wsapps/eox/deployment/shared/lib/pp-springboot/hystrix-javanica-1.5.12.jar</classPath>
	<classPath>/wsapps/eox/deployment/shared/lib/pp-springboot/hystrix-serialization-1.5.12.jar</classPath>
	<classPath>/wsapps/eox/deployment/shared/lib/pp-springboot/jackson-annotations-2.8.0.jar</classPath>
	<classPath>/wsapps/eox/deployment/shared/lib/pp-springboot/jackson-core-asl-1.9.13.jar</classPath>
	<classPath>/wsapps/eox/deployment/shared/lib/pp-springboot/jackson-core-2.8.10.jar</classPath>
	<classPath>/wsapps/eox/deployment/shared/lib/pp-springboot/jackson-databind-2.8.10.jar</classPath>
	<classPath>/wsapps/eox/deployment/shared/lib/pp-springboot/jackson-mapper-asl-1.9.13.jar</classPath>
	<classPath>/wsapps/eox/deployment/shared/lib/pp-springboot/jackson-module-afterburner-2.8.10.jar</classPath>
	<classPath>/wsapps/eox/deployment/shared/lib/pp-springboot/jasypt-1.9.0.jar</classPath>
	<classPath>/wsapps/eox/deployment/shared/lib/pp-springboot/jboss-logging-3.3.1.Final.jar</classPath>
	<classPath>/wsapps/eox/deployment/shared/lib/pp-springboot/jcl-over-slf4j-1.7.25.jar</classPath>
	<classPath>/wsapps/eox/deployment/shared/lib/pp-springboot/jsr305-3.0.1.jar</classPath>
	<classPath>/wsapps/eox/deployment/shared/lib/pp-springboot/jul-to-slf4j-1.7.25.jar</classPath>
	<classPath>/wsapps/eox/deployment/shared/lib/pp-springboot/json-simple-1.1.1.jar</classPath>
	<classPath>/wsapps/eox/deployment/shared/lib/pp-springboot/log4j-1.2.17.jar</classPath>
	<classPath>/wsapps/eox/deployment/shared/lib/pp-springboot/log4j-over-slf4j-1.7.25.jar</classPath>
	<classPath>/wsapps/eox/deployment/shared/lib/pp-springboot/logback-classic-1.1.11.jar</classPath>
	<classPath>/wsapps/eox/deployment/shared/lib/pp-springboot/logback-core-1.1.11.jar</classPath>
	<classPath>/wsapps/eox/deployment/shared/lib/pp-springboot/rxjava-1.2.0.jar</classPath>
	<classPath>/wsapps/eox/deployment/shared/lib/pp-springboot/slf4j-api-1.7.25.jar</classPath>
	<classPath>/wsapps/eox/deployment/shared/lib/pp-springboot/slf4j-log4j12-1.7.25.jar</classPath>
	<classPath>/wsapps/eox/deployment/shared/lib/pp-springboot/snakeyaml-1.17.jar</classPath>
	<classPath>/wsapps/eox/deployment/shared/lib/pp-springboot/spring-aop-4.3.13.RELEASE.jar</classPath>
	<classPath>/wsapps/eox/deployment/shared/lib/pp-springboot/spring-beans-4.3.13.RELEASE.jar</classPath>
	<classPath>/wsapps/eox/deployment/shared/lib/pp-springboot/spring-boot-1.5.9.RELEASE.jar</classPath>
	<classPath>/wsapps/eox/deployment/shared/lib/pp-springboot/spring-boot-autoconfigure-1.5.9.RELEASE.jar</classPath>
	<classPath>/wsapps/eox/deployment/shared/lib/pp-springboot/spring-boot-legacy-1.0.2.RELEASE.jar</classPath>
	<classPath>/wsapps/eox/deployment/shared/lib/pp-springboot/spring-boot-starter-1.5.9.RELEASE.jar</classPath>
	<classPath>/wsapps/eox/deployment/shared/lib/pp-springboot/spring-boot-starter-jdbc-1.5.9.RELEASE.jar</classPath>
	<classPath>/wsapps/eox/deployment/shared/lib/pp-springboot/spring-boot-starter-logging-1.5.9.RELEASE.jar</classPath>
	<classPath>/wsapps/eox/deployment/shared/lib/pp-springboot/spring-boot-starter-web-1.5.9.RELEASE.jar</classPath>
	<classPath>/wsapps/eox/deployment/shared/lib/pp-springboot/spring-cloud-commons-1.3.1.RELEASE.jar</classPath>
	<classPath>/wsapps/eox/deployment/shared/lib/pp-springboot/spring-cloud-context-1.3.1.RELEASE.jar</classPath>
	<classPath>/wsapps/eox/deployment/shared/lib/pp-springboot/spring-cloud-netflix-core-1.4.1.RELEASE.jar</classPath>
	<classPath>/wsapps/eox/deployment/shared/lib/pp-springboot/spring-cloud-starter-1.3.1.RELEASE.jar</classPath>
	<classPath>/wsapps/eox/deployment/shared/lib/pp-springboot/spring-cloud-starter-netflix-archaius-1.4.1.RELEASE.jar</classPath>
	<classPath>/wsapps/eox/deployment/shared/lib/pp-springboot/spring-cloud-starter-netflix-hystrix-1.4.1.RELEASE.jar</classPath>
	<classPath>/wsapps/eox/deployment/shared/lib/pp-springboot/spring-context-4.3.13.RELEASE.jar</classPath>
	<classPath>/wsapps/eox/deployment/shared/lib/pp-springboot/spring-core-4.3.13.RELEASE.jar</classPath>
	<classPath>/wsapps/eox/deployment/shared/lib/pp-springboot/spring-expression-4.3.13.RELEASE.jar</classPath>
	<classPath>/wsapps/eox/deployment/shared/lib/pp-springboot/spring-integration-core-4.3.12.RELEASE.jar</classPath>
	<classPath>/wsapps/eox/deployment/shared/lib/pp-springboot/spring-jdbc-4.3.13.RELEASE.jar</classPath>
	<classPath>/wsapps/eox/deployment/shared/lib/pp-springboot/spring-messaging-4.3.13.RELEASE.jar</classPath>
	<classPath>/wsapps/eox/deployment/shared/lib/pp-springboot/spring-retry-1.2.1.RELEASE.jar</classPath>
	<classPath>/wsapps/eox/deployment/shared/lib/pp-springboot/spring-security-crypto-4.2.3.RELEASE.jar</classPath>
	<classPath>/wsapps/eox/deployment/shared/lib/pp-springboot/spring-security-rsa-1.0.3.RELEASE.jar</classPath>
	<classPath>/wsapps/eox/deployment/shared/lib/pp-springboot/spring-tx-4.3.13.RELEASE.jar</classPath>
	<classPath>/wsapps/eox/deployment/shared/lib/pp-springboot/spring-web-4.3.13.RELEASE.jar</classPath>
	<classPath>/wsapps/eox/deployment/shared/lib/pp-springboot/spring-webmvc-4.3.13.RELEASE.jar</classPath>
	<classPath>/wsapps/eox/deployment/shared/lib/pp-springboot/validation-api-1.1.0.Final.jar</classPath>
	
	<classPath>/wsapps/eox/deployment/shared/lib/pp-springboot/spring-ws-core-2.4.2.RELEASE.jar</classPath>
	<classPath>/wsapps/eox/deployment/shared/lib/pp-springboot/httpclient-4.5.3.jar</classPath>
	<classPath>/wsapps/eox/deployment/shared/lib/pp-springboot/httpcore-4.4.8.jar</classPath>
	<classPath>/wsapps/eox/deployment/shared/lib/pp-springboot/spring-xml-2.4.2.RELEASE.jar</classPath>
	<classPath>/wsapps/eox/deployment/shared/lib/pp-springboot/spring-boot-starter-web-services-1.5.9.RELEASE.jar</classPath>
	<classPath>/wsapps/eox/deployment/shared/lib/pp-springboot/spring-oxm-4.3.13.RELEASE.jar</classPath>
	<classPath>/wsapps/eox/deployment/shared/lib/pp-springboot/wsdl4j-1.6.3.jar</classPath>
	<classPath>/wsapps/eox/deployment/shared/lib/pp-springboot/spring-integration-xml-4.3.12.RELEASE.jar</classPath>
	<classPath>/wsapps/eox/deployment/shared/lib/pp-springboot/spring-integration-ws-4.3.12.RELEASE.jar</classPath>
	<classPath>/wsapps/eox/deployment/shared/lib/pp-springboot/spring-ws-security-2.4.2.RELEASE.jar</classPath>
	<classPath>/wsapps/eox/deployment/shared/lib/pp-springboot/commons-httpclient-3.1.jar</classPath>
	<classPath>/wsapps/eox/deployment/shared/lib/pp-springboot/wss4j-1.6.19.jar</classPath>
	<classPath>/wsapps/eox/deployment/shared/lib/pp-springboot/wss4j-ws-security-dom-2.1.11.jar</classPath>
	<classPath>/wsapps/eox/deployment/shared/lib/pp-springboot/wss4j-ws-security-common-2.1.11.jar</classPath>
	<classPath>/wsapps/eox/deployment/shared/lib/pp-springboot/xmlsec-2.0.9.jar</classPath>
	<classPath>/wsapps/eox/deployment/shared/lib/pp-springboot/spring-cloud-config-server-1.4.0.RELEASE.jar</classPath>
	<classPath>/wsapps/eox/deployment/shared/lib/pp-springboot/spring-cloud-config-client-1.4.0.RELEASE.jar</classPath>
	
	<!-- Java mail and Velocity template -->
	<classPath>/wsapps/eox/deployment/shared/lib/pp-springboot/spring-boot-starter-mail-1.5.9.RELEASE.jar</classPath>
	<classPath>/wsapps/eox/deployment/shared/lib/pp-springboot/spring-context-support-4.3.13.RELEASE.jar</classPath>
	<classPath>/wsapps/eox/deployment/shared/lib/pp-springboot/javax.mail-1.5.6.jar</classPath>
	<classPath>/wsapps/eox/deployment/shared/lib/pp-springboot/spring-boot-starter-velocity-1.4.7.RELEASE.jar</classPath>
	<classPath>/wsapps/eox/deployment/shared/lib/pp-springboot/velocity-1.7.jar</classPath>
	<classPath>/wsapps/eox/deployment/shared/lib/pp-springboot/velocity-tools-2.0.jar</classPath>
	
	<!-- Refresh and Production ready actuator endpoints -->
	<classPath>/wsapps/eox/deployment/shared/lib/pp-springboot/spring-cloud-starter-config-1.4.0.RELEASE.jar</classPath>
	<classPath>/wsapps/eox/deployment/shared/lib/pp-springboot/spring-boot-actuator-1.5.9.RELEASE.jar</classPath>
    <classPath>/wsapps/eox/deployment/shared/lib/pp-springboot/spring-boot-starter-actuator-1.5.9.RELEASE.jar</classPath>
	
</libraries:Library>
<!-- 
<libraries:Library xmi:id="Library_1604667563378" name="GBD_HttpClient_Login_Service_Override" description="GBD_HttpClient_Login_Service_Override" isolatedClassLoader="true">
	<classPath>/wsapps/eox/deployment/shared/lib/pport-member/httpclient-4.3.jar</classPath>
	<classPath>/wsapps/eox/deployment/shared/lib/pport-member/httpcore-4.3.jar</classPath>
	<classPath>/wsapps/eox/deployment/shared/lib/pport-member/jackson-core-asl-1.9.13.jar</classPath>
	<classPath>/wsapps/eox/deployment/shared/lib/pport-member/jackson-mapper-asl-1.9.13.jar</classPath>
	<classPath>/wsapps/eox/deployment/shared/lib/pport-member/jackson-databind-2.5.3.jar</classPath>
	<classPath>/wsapps/eox/deployment/shared/lib/pport-member/jackson-annotations-2.5.3.jar</classPath>
	<classPath>/wsapps/eox/deployment/shared/lib/pport-member/jackson-core-2.5.3.jar</classPath>
    <classPath>/wsapps/eox/deployment/shared/lib/pport-member/joda-time-2.9.7.jar</classPath>
</libraries:Library>

 -->
</xmi:XMI>
