<?xml version="1.0" encoding="UTF-8"?>
<configuration>

	<appender name="FILE" class="ch.qos.logback.core.rolling.RollingFileAppender">
		<file>/wsapps/eox/deployment/logs/wgs/wgs-logging.log</file>

		<encoder class="ch.qos.logback.classic.encoder.PatternLayoutEncoder">
			<Pattern>
				%d{dd-MM-yyyy HH:mm:ss.SSS} [%thread] %-5level
				%logger{36}.%M - %msg%n
			</Pattern>
		</encoder>

		<rollingPolicy class="ch.qos.logback.core.rolling.FixedWindowRollingPolicy">
			<fileNamePattern>
				/wsapps/eox/deployment/logs/wgs/wgs-logging.log_%i
			</fileNamePattern>
		</rollingPolicy>

		<triggeringPolicy
			class="ch.qos.logback.core.rolling.SizeBasedTriggeringPolicy">
			<maxFileSize>10MB</maxFileSize>
		</triggeringPolicy>
	</appender>
	
	<appender name="STDOUT" class="ch.qos.logback.core.ConsoleAppender">
    <encoder>
      <pattern>%d{HH:mm:ss.SSS} [%thread] %-5level %logger{36} - %msg%n</pattern>
    </encoder>
  </appender>

	<appender name="STDOUT" class="ch.qos.logback.core.ConsoleAppender">
		<encoder>
			<pattern>%d{HH:mm:ss.SSS} [%thread] %-5level %logger{36} - %msg%n
			</pattern>
		</encoder>
	</appender>

	<logger name="com.ibm" level="ERROR" additivity="false">
		<appender-ref ref="STDOUT" />
	</logger>

	<logger name="org.springframework" level="INFO" additivity="false">
		<appender-ref ref="STDOUT" />
	</logger>

	<logger name="com.mongodb" level="ERROR" additivity="false">
		<appender-ref ref="STDOUT" />
	</logger>
	
	<root level="INFO">
		<appender-ref ref="STDOUT" />
	</root>

</configuration>