{
"adhocDetailsList": [{
        "anthem_order_id": "csr190207v08947647",
        "member_billing_id": "573M64359",
        "total": 23,
        "payment_type": "CC",
        "transaction_type": "PAYMENT",
        "date_time_initiated": "2018-05-23 20:00:05",
        "anthem_division": "01506002",
        "transaction_status": "ECHOFAILED",
        "member_billing_name":"One One",
        "group":"STARIN",
        "system":"12",
        "legal_entity":"01",
        "market_segment":"022",
        "market_level":"MS",
        "payment_channel":"CSR",
        "login_id":"AD83528",
        "premium":10.0,
        "fee":20,
        "product_identifier":"36TB00",
        "notification_indicator":"36TB00",
        "payment_sub_type":"VISA",
        "credit_card_bin":"652341",
        "credit_card_last_four":"7854",
        "qualification_code":"13685",
        "routing_number":"",
        "account_number":"",
        "name_on_funding_account":"",
        "anthem_depositing_bank":"Empire",
        "anthem_bank_account":"5552",
        "chase_td":"355958",
        "deposit_date":"2018-11-23 20:00:05",
        "paid_date":"2018-05-20 20:00:05",
        "journal_id":""
    },{
        "anthem_order_id": "csr190207v34071558",
        "member_billing_id": "724600698",
        "total": 2,
        "payment_type": "CC",
        "transaction_type": "PAYMENT",
        "date_time_initiated": "2018-05-23",
        "anthem_division": "01502001",
        "transaction_status": "CANCELLED",
        "member_billing_name":"Taylor Suhrbier",
        "group":"INMCDWP0",
        "system":"15",
        "legal_entity":"08",
        "market_segment":"011",
        "market_level":"MS",
        "payment_channel":"CSR",
        "login_id":"AD83528",
        "premium": 2.0,
        "fee":20,
        "product_identifier":"INHIPPL0",
        "notification_indicator":"INHIPPL0",
        "payment_sub_type":"MC",
        "credit_card_bin":"545454",
        "credit_card_last_four":"2537",
        "qualification_code":"13685",
        "routing_number":"",
        "account_number":"",
        "name_on_funding_account":"",
        "anthem_depositing_bank":"Empire",
        "anthem_bank_account":"5552",
        "chase_td":"355970",
        "deposit_date":"2018-11-10 20:00:05",
        "paid_date":"2018-06-20 20:00:05",
        "journal_id":""
    },{
        "anthem_order_id": "csr190212k02976950",
        "member_billing_id": "725125181",
        "total": 12,
        "payment_type": "CC",
        "transaction_type": "PAYMENT",
        "date_time_initiated": "2018-05-23",
        "anthem_division": "01506012",
        "transaction_status": "PENDING",
        "member_billing_name":"Nichols, Curtis",
        "group":"KYMCDWP0",
        "system":"15",
        "legal_entity":"68",
        "market_segment":"015",
        "market_level":"MS",
        "payment_channel":"CSR",
        "login_id":"AD83528",
        "premium": 12.0,
        "fee":120,
        "product_identifier":"KYMCDWP000",
        "notification_indicator":"KYMCDWP000",
        "payment_sub_type":"VISA",
        "credit_card_bin":"411234",
        "credit_card_last_four":"4113",
        "qualification_code":"13685",
        "routing_number":"",
        "account_number":"",
        "name_on_funding_account":"",
        "anthem_depositing_bank":"Empire",
        "anthem_bank_account":"5552",
        "chase_td":"355971",
        "deposit_date":"2018-12-23 20:00:05",
        "paid_date":"2017-05-20 20:00:05",
        "journal_id":""
    },{
        "anthem_order_id": "csr190214k67671606",
        "member_billing_id": "550M89808",
        "total": 124,
        "payment_type": "CC",
        "transaction_type": "PAYMENT",
        "date_time_initiated": "2018-05-23",
        "anthem_division": "01506015",
        "transaction_status": "STAGED",
        "member_billing_name":"JONATHAN PEHRSON",
        "group":"OHMCRWP0",
        "system":"15",
        "legal_entity":"23",
        "market_segment":"004",
        "market_level":"MS",
        "payment_channel":"CSR",
        "login_id":"AD83528",
        "premium": 42.0,
        "fee":320,
        "product_identifier":"OHMCRWP0",
        "notification_indicator":"OHMCRWP0",
        "payment_sub_type":"VISA",
        "credit_card_bin":"444444",
        "credit_card_last_four":"4448",
        "qualification_code":"13685",
        "routing_number":"",
        "account_number":"",
        "name_on_funding_account":"",
        "anthem_depositing_bank":"Empire",
        "anthem_bank_account":"5552",
        "chase_td":"562956",
        "deposit_date":"2018-10-23 20:00:05",
        "paid_date":"2018-10-20 20:00:05",
        "journal_id":""
    },{
        "anthem_order_id": "csr190214p78883328",
        "member_billing_id": "84580570",
        "total": 54,
        "payment_type": "CC",
        "transaction_type": "PAYMENT",
        "date_time_initiated": "2018-05-23",
        "anthem_division": "01510002",
        "transaction_status": "CANCELLED",
        "member_billing_name":"Thomas Boyle",
        "group":"NYSUPWP0",
        "system":"15",
        "legal_entity":"10",
        "market_segment":"004",
        "market_level":"MS",
        "payment_channel":"CSR",
        "login_id":"AD83528",
        "premium": 52.0,
        "fee":420,
        "product_identifier":"NYSUPWP0",
        "notification_indicator":"NYSUPWP0",
        "payment_sub_type":"VISA",
        "credit_card_bin":"478825",
        "credit_card_last_four":"1443",
        "qualification_code":"13685",
        "routing_number":"",
        "account_number":"",
        "name_on_funding_account":"",
        "anthem_depositing_bank":"Empire",
        "anthem_bank_account":"5552",
        "chase_td":"566752",
        "deposit_date":"2017-11-23 20:00:05",
        "paid_date":"2017-05-20 20:00:05",
        "journal_id":""
    },{
        "anthem_order_id": "csr190206j19215857",
        "member_billing_id": "997T93363",
        "total": 54,
        "payment_type": "ACH",
        "transaction_type": "PAYMENT",
        "date_time_initiated": "2018-05-23",
        "anthem_division": "01806011",
        "transaction_status": "CANCELLED",
        "member_billing_name":"Thomas Boyle",
        "group":"STARIN",
        "system":"12",
        "legal_entity":"62",
        "market_segment":"022",
        "market_level":"MS",
        "payment_channel":"CSR",
        "login_id":"AD83528",
        "premium": 51.23,
        "fee":42.56,
        "product_identifier":"36WF00",
        "notification_indicator":"36WF00",
        "payment_sub_type":"BUSINESS CHECKING",
        "credit_card_bin":"",
        "credit_card_last_four":"",
        "qualification_code":"13685",
        "routing_number":"071102830",
        "account_number":"071102830",
        "name_on_funding_account":"",
        "anthem_depositing_bank":"Empire",
        "anthem_bank_account":"5552",
        "chase_td":"355958",
        "deposit_date":"2018-10-23 20:00:05",
        "paid_date":"2018-05-25 20:00:05",
        "journal_id":""
        }
    ]
}