{
    "message": {
        "messageCode": "0",
        "messageText": "Success"
    },
    "healthCardId": "719942397",
    "minDueAmount": "0.00",
    "totalDueAmount": "0.00",
    "linkedBills": [
        {
            "linkRelationship": "SELF",
            "personDetails": {
                "firstName": "Heather",
                "lastName": "Sharp",
                "healthCardId": "719942397",
                "state": "KY",
                "dateOfBirth": "1986-08-05",
                "middleName": "A",
                "medicaidId": "1001202106",
                "market": "KY",
                "originalEffectiveDate": "2014-12-01",
                "sex": "F",
                "maritalStatus": " ",
                "namePrefix": " ",
                "recertificationDate": "2019-02-28"
            },
            "billAccounts": [
                {
                    "minDue": "0.00",
                    "totalDue": "0.00",
					"memberPayments": [
                        {
							"paymentDate": "2019-02-05",
							"paymentAmount": "916.00",
							"paymentTrackingNo": "201902053435904",
							"paymentMethod": {
								"bankAccountDetails": [
									{
										"bankAccountType": "PERSONAL_SAVINGS",
										"bankAccountNumber": "********2237"
									}
								]
							},
							"paymentUserID": "719942397"
						}
                    ],
                    "paymentStatus": {
                        "paymentProcess": "Yes",
                        "payNowStatus": "No",
                        "shortContent": "Paid In Full",
                        "showContent": "No",
                        "mamStatusCode": "A",
                        "canPayBillInd": "No",
                        "recurringPaymentInd": "No"
                    },
                    "billOverDueInd": "No",
                    "coverageStatus": "ACTIVE",
                    "sbrUid": "540729650",
                    "classId": "CD04",
                    "planId": "KYHEXADI",
                    "type": "MEDICAID",
                    "productDescription": "KY HEALTH- COPAY",
                    "dateEffective": "2018-07-01",
                    "dateTermination": "2019-05-31",
                    "planName": "KY HEALTH- COPAY",
                    "productId": "KYHLTH02",
                    "medicareDiscount": "0.00",
                    "federalSubsidyAmt": "0.00",
                    "stateSubsidyAmt": "0.00",
                    "mbrResponsibilityAmt": "0.00"
                }
            ],
            "healthCardId": "719942397"
        }
    ]
}
