<beans xmlns="http://www.springframework.org/schema/beans"
	xmlns:context="http://www.springframework.org/schema/context"
	xmlns:mvc="http://www.springframework.org/schema/mvc" xmlns:xsi="http://www.w3.org/2001/XMLSchema-instance"
	xmlns:aop="http://www.springframework.org/schema/aop" xmlns:jee="http://www.springframework.org/schema/jee"
	xsi:schemaLocation="
        http://www.springframework.org/schema/beans     
        http://www.springframework.org/schema/beans/spring-beans-3.0.xsd
        http://www.springframework.org/schema/context 
        http://www.springframework.org/schema/context/spring-context-3.0.xsd
        http://www.springframework.org/schema/mvc
        http://www.springframework.org/schema/mvc/spring-mvc-3.0.xsd
        http://www.springframework.org/schema/aop
        http://www.springframework.org/schema/aop/spring-aop-3.0.xsd
        http://www.springframework.org/schema/jee 
    	http://www.springframework.org/schema/jee/spring-jee.xsd">

	<context:component-scan base-package="com.wellpoint" />
	<mvc:annotation-driven />
	
	<bean id="restTemplate" class="org.springframework.web.client.RestTemplate">
	     <property name="requestFactory">
	      <bean id="clientHttpRequestFactory" class="org.springframework.http.client.HttpComponentsClientHttpRequestFactory">
	      	<property name="readTimeout" value="180000">
			</property>
	      </bean>    
	     </property>
	     <property name="messageConverters">
	      <list>
	       <bean id="jsonMessageConverter" class="org.springframework.http.converter.json.MappingJacksonHttpMessageConverter">
	        <property name="supportedMediaTypes">
	         <list>
	           <bean id="jsonMediaTypeApplicationJson" class="org.springframework.http.MediaType">
	           <constructor-arg value="application"/>
	           <constructor-arg value="json"/>
	          </bean>
	         </list>
	        </property>
	        <property name="objectMapper" ref="jacksonObjectMapper" />
	       </bean>
	      </list>
	     </property>  
		</bean>
		
		<bean id="jacksonObjectMapper" class="org.codehaus.jackson.map.ObjectMapper" />
		<bean class="org.springframework.beans.factory.config.MethodInvokingFactoryBean">
	    <property name="targetObject" ref="jacksonObjectMapper" />
	    <property name="targetMethod" value="configure" />
	    <property name="arguments">
	        <list>
	            <value type="org.codehaus.jackson.map.DeserializationConfig.Feature">FAIL_ON_UNKNOWN_PROPERTIES</value>
	            <value>false</value>
	        </list>
	    </property>
		</bean>
		 <bean id="dozerMapper" class="org.dozer.DozerBeanMapper">		
	</bean>
	
	<bean id="baseContextProperties"
		class="org.springframework.beans.factory.config.PropertyPlaceholderConfigurer">
		<property name="locations">
			<list>
				<value>file:/wsapps/eox/deployment/config/memberpay/gbd/gateway/gateway-app.properties
				</value>
			</list>
		</property>
	</bean>
	
	<bean id="ApplicationCaptureService" class="org.springframework.remoting.jaxws.JaxWsPortProxyFactoryBean" lazy-init="true">
		<property name="serviceInterface"
			value="com.wellpoint.ebiz.middletier.enrollment.service.ApplicationCaptureService" />
		<property name="wsdlDocumentUrl" value="${WellPoint.Ebiz.MiddleTier.Services.Endpoints.HixEnrollmentWebServiceV1.wsdl}" />
		<property name="endpointAddress" value="${WellPoint.Ebiz.MiddleTier.Services.Endpoints.HixEnrollmentWebServiceV1.address}"/>
		<property name="namespaceUri" value="http://enrollment.middletier.ebiz.wellpoint.com/EnrollmentDomain/" />
		<property name="handlerResolver">
			<bean class="com.wellpoint.middletier.gbd.gateway.config.WSSecurityHandler">
				<property name="username" value="${WellPoint.Ebiz.MiddleTier.Services.Endpoints.Service.HixEnrollmentWebServiceV1.username}" />
				<property name="password" value="${WellPoint.Ebiz.MiddleTier.Services.Endpoints.Service.HixEnrollmentWebServiceV1.password}" />
			</bean>
		</property>
		<property name="serviceName" value="applicationCaptureService" />
		<property name="portName" value="ApplicationCaptureServicePort" />
		<property name="lookupServiceOnStartup" value="false"/>
	</bean>  
</beans>
